tag,source,out_degree,k,method,seed,sigma0_saa,sigma0_mc,sigma_saa,sigma_mc,R_saa,R_mc,saa_mc_gap,cut_size,hop_mix,stop_reason,seconds,iterations_done,evaluations,scope_weights,repair_weights,destroy_weights,best_hits_by_heuristic,best_hits_by_hop,best_hits_by_scope,scope_selected,neutral_moves,fallback_used,layer_sizes,q_bounds,param_max_iter,param_segment_length,param_repair_p,param_q_min_frac,param_q_max_frac,param_reaction_factor,param_max_hop_scope,param_fixed_hop_scope
default,1347,5,3,greedy_random,7.0,34.692,28.385,21.68,10.6445,0.37507206272339444,0.6249955962656333,-0.24992353354223884,3,{0: 3},topk,0.02,,,,,,,,,,,,,,,,,,,,,
default,1347,5,3,greedy_probability,,34.692,28.385,2.364,2.3345,0.9318574887582152,0.9177558569667078,0.014101631791507363,3,{0: 3},topk,0.0,,,,,,,,,,,,,,,,,,,,,
default,1347,5,3,greedy_degree,,34.692,28.385,2.364,2.3345,0.9318574887582152,0.9177558569667078,0.014101631791507363,3,{0: 3},topk,0.0,,,,,,,,,,,,,,,,,,,,,
default,1347,5,3,greedy_bridge,,34.692,28.385,23.0,11.949,0.3370229447711288,0.5790382244143033,-0.24201527964317449,3,{0: 3},topk,0.1,,,,,,,,,,,,,,,,,,,,,
default,1347,5,3,greedy_betweenness,,34.692,28.385,2.364,2.3345,0.9318574887582152,0.9177558569667078,0.014101631791507363,3,{0: 3},topk,0.0,,,,,,,,,,,,,,,,,,,,,
default,1347,5,3,greedy_spectral,,34.692,28.385,2.364,2.3345,0.9318574887582152,0.9177558569667078,0.014101631791507363,3,{0: 3},topk,0.0,,,,,,,,,,,,,,,,,,,,,
default,1347,5,3,alns,7.0,34.692,28.385,2.364,2.3345,0.9318574887582152,0.9177558569667078,0.014101631791507363,3,{0: 3},max_iter,1.95,300.0,164.0,"{0: 0.5414174214340771, 1: 0.2058911320946491, 2: 0.25545751574706466, 3: 0.2058911320946491}","{'random': 0.2653707924775477, 'probability': 0.5833582076015058, 'degree': 0.48549637321083927, 'bridge': 0.2058911320946491, 'betweenness': 0.22876792454961012, 'spectral': 0.22876792454961012}","{'random': 0.4155950629317917, 'worst': 0.2802407075732724, 'related': 0.2813845471960204}","{'random': 0, 'probability': 1, 'degree': 1, 'bridge': 0, 'betweenness': 0, 'spectral': 0}",{0: 2},"{0: 2, 1: 0, 2: 0, 3: 0}","{0: 132, 1: 53, 2: 65, 3: 50}","{'random': 5, 'probability': 13, 'degree': 27, 'bridge': 1, 'betweenness': 14, 'spectral': 10}","{0: 0, 1: 0, 2: 0, 3: 0}","{0: 5, 1: 521, 2: 8504, 3: 10865}","(1, 1)",300.0,20.0,6.0,0.1,0.4,0.1,3.0,
default,323,15,3,greedy_random,7.0,85.276,75.632,52.89,45.303,0.37977860124771323,0.40100751004865676,-0.021228908800943525,3,{0: 3},topk,0.05,,,,,,,,,,,,,,,,,,,,,
default,323,15,3,greedy_probability,,85.276,75.632,17.108,9.057,0.7993808339978423,0.8802491009096679,-0.08086826691182558,3,{0: 3},topk,0.01,,,,,,,,,,,,,,,,,,,,,
default,323,15,3,greedy_degree,,85.276,75.632,17.108,9.057,0.7993808339978423,0.8802491009096679,-0.08086826691182558,3,{0: 3},topk,0.0,,,,,,,,,,,,,,,,,,,,,
default,323,15,3,greedy_bridge,,85.276,75.632,41.762,36.2715,0.5102725268539801,0.5204212502644383,-0.010148723410458249,3,{0: 3},topk,0.04,,,,,,,,,,,,,,,,,,,,,
default,323,15,3,greedy_betweenness,,85.276,75.632,14.62,13.113,0.8285566865237581,0.826621006981172,0.0019356795425861106,3,{0: 3},topk,0.02,,,,,,,,,,,,,,,,,,,,,
default,323,15,3,greedy_spectral,,85.276,75.632,17.108,9.057,0.7993808339978423,0.8802491009096679,-0.08086826691182558,3,{0: 3},topk,0.0,,,,,,,,,,,,,,,,,,,,,
default,323,15,3,alns,7.0,85.276,75.632,14.62,13.113,0.8285566865237581,0.826621006981172,0.0019356795425861106,3,{0: 3},max_iter,3.22,300.0,190.0,"{0: 1.0307265933874104, 1: 0.700422526093738, 2: 0.3153796490704502, 3: 0.4521898614444014}","{'random': 0.4702451782408652, 'probability': 0.25418658283290013, 'degree': 0.4824461342168443, 'bridge': 0.7918503120888233, 'betweenness': 0.37657271530800024, 'spectral': 0.28850177151534157}","{'random': 0.2430659198339607, 'worst': 0.7351627212704723, 'related': 0.34315188682441516}","{'random': 0, 'probability': 0, 'degree': 1, 'bridge': 1, 'betweenness': 0, 'spectral': 0}",{0: 2},"{0: 2, 1: 0, 2: 0, 3: 0}","{0: 130, 1: 69, 2: 46, 3: 55}","{'random': 2, 'probability': 2, 'degree': 12, 'bridge': 1, 'betweenness': 11, 'spectral': 12}","{0: 0, 1: 0, 2: 0, 3: 0}","{0: 15, 1: 135, 2: 3264, 3: 14440}","(1, 1)",300.0,20.0,6.0,0.1,0.4,0.1,3.0,
default,240,20,3,greedy_random,7.0,141.388,165.3475,112.904,139.341,0.2014598127139503,0.15728390208500276,0.044175910628947546,3,{0: 3},topk,0.15,,,,,,,,,,,,,,,,,,,,,
default,240,20,3,greedy_probability,,141.388,165.3475,84.806,99.302,0.4001895493252611,0.399434524259514,0.0007550250657470947,3,{0: 3},topk,0.11,,,,,,,,,,,,,,,,,,,,,
default,240,20,3,greedy_degree,,141.388,165.3475,108.132,122.944,0.23521090898803287,0.25645080814647936,-0.021239899158446485,3,{0: 3},topk,0.14,,,,,,,,,,,,,,,,,,,,,
default,240,20,3,greedy_bridge,,141.388,165.3475,129.776,150.5915,0.08212861063173671,0.08924235322578211,-0.0071137425940454024,3,{0: 3},topk,0.17,,,,,,,,,,,,,,,,,,,,,
default,240,20,3,greedy_betweenness,,141.388,165.3475,105.518,126.194,0.25369904093699613,0.2367952342793208,0.016903806657675324,3,{0: 3},topk,0.14,,,,,,,,,,,,,,,,,,,,,
default,240,20,3,greedy_spectral,,141.388,165.3475,100.0,112.3135,0.29272639827991065,0.3207426782987345,-0.028016280018823836,3,{0: 3},topk,0.13,,,,,,,,,,,,,,,,,,,,,
default,240,20,3,alns,7.0,141.388,165.3475,84.806,99.302,0.4001895493252611,0.399434524259514,0.0007550250657470947,3,{0: 3},max_iter,7.27,300.0,210.0,"{0: 1.5718798909031115, 1: 0.5821186557469502, 2: 0.5150102597731037, 3: 0.6229140332386504}","{'random': 0.7254908718355692, 'probability': 0.4886030981121303, 'degree': 0.7151115863698921, 'bridge': 0.5871710063439993, 'betweenness': 0.6690755719234893, 'spectral': 0.8558033369502421}","{'random': 0.3921735849421887, 'worst': 0.9720156195313149, 'related': 0.6903788283894846}","{'random': 0, 'probability': 0, 'degree': 1, 'bridge': 1, 'betweenness': 1, 'spectral': 1}",{0: 4},"{0: 4, 1: 0, 2: 0, 3: 0}","{0: 141, 1: 49, 2: 59, 3: 51}","{'random': 2, 'probability': 4, 'degree': 2, 'bridge': 0, 'betweenness': 7, 'spectral': 12}","{0: 0, 1: 0, 2: 0, 3: 0}","{0: 20, 1: 841, 2: 11010, 3: 9254}","(1, 1)",300.0,20.0,6.0,0.1,0.4,0.1,3.0,
default,116,53,3,greedy_random,7.0,349.056,354.97,347.66,350.0745,0.0039993582691600915,0.013791306307575413,-0.009791948038415321,3,{0: 3},topk,0.41,,,,,,,,,,,,,,,,,,,,,
default,116,53,3,greedy_probability,,349.056,354.97,283.164,283.049,0.18877200220022006,0.2026114882947856,-0.013839486094565534,3,{0: 3},topk,0.33,,,,,,,,,,,,,,,,,,,,,
default,116,53,3,greedy_degree,,349.056,354.97,328.512,341.093,0.05885588558855881,0.039093444516438036,0.019762441072120773,3,{0: 3},topk,0.39,,,,,,,,,,,,,,,,,,,,,
default,116,53,3,greedy_bridge,,349.056,354.97,338.752,343.1935,0.029519618628529476,0.03317604304589139,-0.0036564244173619143,3,{0: 3},topk,0.39,,,,,,,,,,,,,,,,,,,,,
default,116,53,3,greedy_betweenness,,349.056,354.97,328.512,341.093,0.05885588558855881,0.039093444516438036,0.019762441072120773,3,{0: 3},topk,0.0,,,,,,,,,,,,,,,,,,,,,
default,116,53,3,greedy_spectral,,349.056,354.97,328.598,339.133,0.05860950678401167,0.04461503789052612,0.013994468893485545,3,{0: 3},topk,0.39,,,,,,,,,,,,,,,,,,,,,
default,116,53,3,alns,7.0,349.056,354.97,276.744,277.0635,0.20716446644664455,0.21947347663182815,-0.0123090101851836,3,{0: 3},max_iter,23.91,300.0,271.0,"{0: 2.013858660413772, 1: 1.7400592220331332, 2: 1.2520479917366274, 3: 1.9859612051292581}","{'random': 2.049523627460729, 'probability': 1.7433689552706604, 'degree': 1.9446458539955358, 'bridge': 1.9054070557542009, 'betweenness': 1.5751388305472414, 'spectral': 1.5924402639693005}","{'random': 1.8698107632625893, 'worst': 1.8555290270834843, 'related': 1.603823754104146}","{'random': 2, 'probability': 1, 'degree': 1, 'bridge': 0, 'betweenness': 4, 'spectral': 0}","{2: 1, 0: 6, 3: 1}","{0: 6, 1: 0, 2: 1, 3: 1}","{0: 94, 1: 81, 2: 64, 3: 61}","{'random': 1, 'probability': 5, 'degree': 5, 'bridge': 0, 'betweenness': 4, 'spectral': 1}","{0: 0, 1: 0, 2: 0, 3: 0}","{0: 53, 1: 2164, 2: 14007, 3: 5668}","(1, 1)",300.0,20.0,6.0,0.1,0.4,0.1,3.0,
default,3674,7,3,greedy_random,7.0,531.844,528.274,59.182,80.265,0.8887230090026399,0.8480618012622237,0.04066120774041615,3,{0: 3},topk,0.09,,,,,,,,,,,,,,,,,,,,,
default,3674,7,3,greedy_probability,,531.844,528.274,52.56,74.541,0.9011740284745151,0.8588970874962614,0.04227694097825374,3,{0: 3},topk,0.08,,,,,,,,,,,,,,,,,,,,,
default,3674,7,3,greedy_degree,,531.844,528.274,30.724,53.6085,0.9422311805717466,0.8985214112373503,0.0437097693343963,3,{0: 3},topk,0.06,,,,,,,,,,,,,,,,,,,,,
default,3674,7,3,greedy_bridge,,531.844,528.274,480.18,474.302,0.09714126698806425,0.10216667865539475,-0.005025411667330504,3,{0: 3},topk,0.53,,,,,,,,,,,,,,,,,,,,,
default,3674,7,3,greedy_betweenness,,531.844,528.274,30.724,53.6085,0.9422311805717466,0.8985214112373503,0.0437097693343963,3,{0: 3},topk,0.0,,,,,,,,,,,,,,,,,,,,,
default,3674,7,3,greedy_spectral,,531.844,528.274,199.796,178.503,0.624333451162371,0.6621014852141124,-0.03776803405174134,3,{0: 3},topk,0.21,,,,,,,,,,,,,,,,,,,,,
default,3674,7,3,alns,7.0,531.844,528.274,30.724,53.6085,0.9422311805717466,0.8985214112373503,0.0437097693343963,3,{0: 3},max_iter,16.76,300.0,217.0,"{0: 0.7806552629381872, 1: 1.16479045109707, 2: 0.6496551790340339, 3: 0.39226324511250005}","{'random': 0.5390525637225002, 'probability': 1.1895810039125692, 'degree': 0.6087768658847957, 'bridge': 0.7026811999803273, 'betweenness': 1.215859154550706, 'spectral': 0.5789805497860503}","{'random': 0.5973301262803558, 'worst': 0.9031829837655707, 'related': 0.37428538474094414}","{'random': 0, 'probability': 1, 'degree': 0, 'bridge': 1, 'betweenness': 1, 'spectral': 1}","{1: 1, 0: 3}","{0: 3, 1: 1, 2: 0, 3: 0}","{0: 78, 1: 122, 2: 76, 3: 24}","{'random': 4, 'probability': 6, 'degree': 8, 'bridge': 2, 'betweenness': 10, 'spectral': 8}","{0: 0, 1: 0, 2: 0, 3: 0}","{0: 7, 1: 432, 2: 7314, 3: 12494}","(1, 1)",300.0,20.0,6.0,0.1,0.4,0.1,3.0,
default,3463,28,3,greedy_random,7.0,538.636,518.6645,533.178,513.0805,0.010133002621436349,0.010766111812163692,-0.0006331091907273434,3,{0: 3},topk,0.59,,,,,,,,,,,,,,,,,,,,,
default,3463,28,3,greedy_probability,,538.636,518.6645,274.608,272.2215,0.49017889632330547,0.4751491571140882,0.015029739209217241,3,{0: 3},topk,0.32,,,,,,,,,,,,,,,,,,,,,
default,3463,28,3,greedy_degree,,538.636,518.6645,308.716,318.267,0.426855984375348,0.38637211530767956,0.04048386906766843,3,{0: 3},topk,0.37,,,,,,,,,,,,,,,,,,,,,
default,3463,28,3,greedy_bridge,,538.636,518.6645,537.386,516.3335,0.0023206766721868277,0.004494234712420053,-0.0021735580402332255,3,{0: 3},topk,0.59,,,,,,,,,,,,,,,,,,,,,
default,3463,28,3,greedy_betweenness,,538.636,518.6645,526.88,507.0995,0.02182549996658223,0.022297650986331186,-0.00047215101974895646,3,{0: 3},topk,0.57,,,,,,,,,,,,,,,,,,,,,
default,3463,28,3,greedy_spectral,,538.636,518.6645,274.608,272.2215,0.49017889632330547,0.4751491571140882,0.015029739209217241,3,{0: 3},topk,0.0,,,,,,,,,,,,,,,,,,,,,
default,3463,28,3,alns,7.0,538.636,518.6645,274.608,272.2215,0.49017889632330547,0.4751491571140882,0.015029739209217241,3,{0: 3},max_iter,25.71,300.0,238.0,"{0: 1.1922231818459725, 1: 0.8539042017131645, 2: 0.6758039035559523, 3: 0.9494295354197126}","{'random': 0.6262351953806027, 'probability': 0.8479946832842028, 'degree': 0.7899365849015918, 'bridge': 1.1004590436790378, 'betweenness': 1.3677432340022366, 'spectral': 0.8864278160002904}","{'random': 0.5084196561244801, 'worst': 0.9597936792012774, 'related': 0.9548426584331267}","{'random': 0, 'probability': 2, 'degree': 2, 'bridge': 2, 'betweenness': 1, 'spectral': 1}","{0: 6, 2: 1, 3: 1}","{0: 6, 1: 0, 2: 1, 3: 1}","{0: 113, 1: 63, 2: 54, 3: 70}","{'random': 3, 'probability': 11, 'degree': 11, 'bridge': 1, 'betweenness': 1, 'spectral': 13}","{0: 0, 1: 0, 2: 0, 3: 0}","{0: 28, 1: 1169, 2: 11698, 3: 8523}","(1, 1)",300.0,20.0,6.0,0.1,0.4,0.1,3.0,
default,222,19,3,greedy_random,7.0,538.894,521.737,403.992,400.853,0.25033123397180146,0.23169527942239088,0.018635954549410583,3,{0: 3},topk,0.44,,,,,,,,,,,,,,,,,,,,,
default,222,19,3,greedy_probability,,538.894,521.737,194.024,167.1195,0.6399588787405315,0.6796863170524613,-0.03972743831192982,3,{0: 3},topk,0.19,,,,,,,,,,,,,,,,,,,,,
default,222,19,3,greedy_degree,,538.894,521.737,128.582,101.6335,0.7613964898477252,0.8052016629067902,-0.04380517305906495,3,{0: 3},topk,0.12,,,,,,,,,,,,,,,,,,,,,
default,222,19,3,greedy_bridge,,538.894,521.737,528.68,505.048,0.01895363466655786,0.031987380615137395,-0.013033745948579534,3,{0: 3},topk,0.57,,,,,,,,,,,,,,,,,,,,,
default,222,19,3,greedy_betweenness,,538.894,521.737,128.582,101.6335,0.7613964898477252,0.8052016629067902,-0.04380517305906495,3,{0: 3},topk,0.0,,,,,,,,,,,,,,,,,,,,,
default,222,19,3,greedy_spectral,,538.894,521.737,128.582,101.6335,0.7613964898477252,0.8052016629067902,-0.04380517305906495,3,{0: 3},topk,0.0,,,,,,,,,,,,,,,,,,,,,
default,222,19,3,alns,7.0,538.894,521.737,128.582,101.6335,0.7613964898477252,0.8052016629067902,-0.04380517305906495,3,{0: 3},max_iter,28.68,300.0,256.0,"{0: 1.8469074452317986, 1: 1.4905664967047947, 2: 1.2076110207674566, 3: 1.7105504365073074}","{'random': 2.104628100909957, 'probability': 1.2263009115702332, 'degree': 1.7780314664214902, 'bridge': 1.645067094223167, 'betweenness': 1.7086890101978256, 'spectral': 1.4022899832960003}","{'random': 1.4900029290334629, 'worst': 1.9095282394931339, 'related': 1.1366558990854367}","{'random': 4, 'probability': 1, 'degree': 1, 'bridge': 1, 'betweenness': 2, 'spectral': 0}","{3: 2, 0: 7}","{0: 7, 1: 0, 2: 0, 3: 2}","{0: 84, 1: 63, 2: 69, 3: 84}","{'random': 2, 'probability': 3, 'degree': 13, 'bridge': 1, 'betweenness': 11, 'spectral': 3}","{0: 0, 1: 0, 2: 0, 3: 0}","{0: 19, 1: 1225, 2: 10872, 3: 9298}","(1, 1)",300.0,20.0,6.0,0.1,0.4,0.1,3.0,
default,21,136,3,greedy_random,7.0,643.556,644.473,643.546,644.4545,1.553866330206155e-05,2.8705624595448676e-05,-1.3166961293387125e-05,3,{0: 3},topk,0.72,,,,,,,,,,,,,,,,,,,,,
default,21,136,3,greedy_probability,,643.556,644.473,643.556,644.473,0.0,0.0,0.0,3,{0: 3},topk,0.72,,,,,,,,,,,,,,,,,,,,,
default,21,136,3,greedy_degree,,643.556,644.473,643.556,644.473,0.0,0.0,0.0,3,{0: 3},topk,0.72,,,,,,,,,,,,,,,,,,,,,
default,21,136,3,greedy_bridge,,643.556,644.473,643.112,644.0925,0.000689916650610134,0.0005904048734391987,9.951177717093529e-05,3,{0: 3},topk,0.73,,,,,,,,,,,,,,,,,,,,,
default,21,136,3,greedy_betweenness,,643.556,644.473,643.556,644.473,0.0,0.0,0.0,3,{0: 3},topk,0.73,,,,,,,,,,,,,,,,,,,,,
default,21,136,3,greedy_spectral,,643.556,644.473,643.556,644.473,0.0,0.0,0.0,3,{0: 3},topk,0.73,,,,,,,,,,,,,,,,,,,,,
default,21,136,3,alns,7.0,643.556,644.473,642.05,642.989,0.00234012269328554,0.0023026565891820505,3.7466104103489606e-05,3,"{1: 1, 2: 2}",max_iter,60.85,300.0,300.0,"{0: 5.618399146662869, 1: 7.031309883498855, 2: 6.941762219134437, 3: 5.315191907794455}","{'random': 7.250304034966797, 'probability': 6.950762126873004, 'degree': 5.419161972617548, 'bridge': 6.705201517036599, 'betweenness': 6.36557636626077, 'spectral': 4.230556278935401}","{'random': 6.688462536728718, 'worst': 5.4800422192920815, 'related': 5.963386381850199}","{'random': 0, 'probability': 2, 'degree': 0, 'bridge': 1, 'betweenness': 1, 'spectral': 0}","{0: 1, 2: 2, 1: 1}","{0: 1, 1: 1, 2: 2, 3: 0}","{0: 74, 1: 78, 2: 77, 3: 71}","{'random': 12, 'probability': 13, 'degree': 15, 'bridge': 14, 'betweenness': 19, 'spectral': 17}","{0: 0, 1: 0, 2: 0, 3: 0}","{0: 136, 1: 5378, 2: 13944, 3: 2769}","(1, 1)",300.0,20.0,6.0,0.1,0.4,0.1,3.0,
repair_p=20,1347,5,3,alns,7.0,34.692,28.385,2.364,2.3345,0.9318574887582152,0.9177558569667078,0.014101631791507363,3,{0: 3},max_iter,1.71,300.0,135.0,"{0: 0.5798631420875533, 1: 0.2058911320946491, 2: 0.2802407075732724, 3: 0.2058911320946491}","{'random': 0.33891544377720023, 'probability': 0.22876792454961012, 'degree': 0.2058911320946491, 'bridge': 0.25418658283290013, 'betweenness': 0.4155950629317917, 'spectral': 0.35687796229739166}","{'random': 0.4051098663899346, 'worst': 0.2653707924775477, 'related': 0.2058911320946491}","{'random': 0, 'probability': 0, 'degree': 0, 'bridge': 0, 'betweenness': 1, 'spectral': 1}",{0: 2},"{0: 2, 1: 0, 2: 0, 3: 0}","{0: 128, 1: 54, 2: 67, 3: 51}","{'random': 8, 'probability': 6, 'degree': 15, 'bridge': 0, 'betweenness': 26, 'spectral': 25}","{0: 0, 1: 0, 2: 0, 3: 0}","{0: 5, 1: 521, 2: 8504, 3: 10865}","(1, 1)",300.0,20.0,20.0,0.1,0.4,0.1,3.0,
repair_p=20,323,15,3,alns,7.0,85.276,75.632,14.62,13.113,0.8285566865237581,0.826621006981172,0.0019356795425861106,3,{0: 3},max_iter,2.08,300.0,161.0,"{0: 0.8570445325745868, 1: 0.3756312835197302, 2: 0.6134369532367322, 3: 0.25418658283290013}","{'random': 0.4787180643352952, 'probability': 0.5592104822323802, 'degree': 0.6685107128505273, 'bridge': 0.47071589413500015, 'betweenness': 0.5083731656658003, 'spectral': 0.5401464885199126}","{'random': 0.2430659198339607, 'worst': 0.5490430189190642, 'related': 0.627424917916264}","{'random': 1, 'probability': 0, 'degree': 0, 'bridge': 1, 'betweenness': 1, 'spectral': 1}",{0: 4},"{0: 4, 1: 0, 2: 0, 3: 0}","{0: 135, 1: 60, 2: 72, 3: 33}","{'random': 1, 'probability': 0, 'degree': 21, 'bridge': 2, 'betweenness': 14, 'spectral': 24}","{0: 0, 1: 0, 2: 0, 3: 0}","{0: 15, 1: 135, 2: 3264, 3: 14440}","(1, 1)",300.0,20.0,20.0,0.1,0.4,0.1,3.0,
repair_p=20,240,20,3,alns,7.0,141.388,165.3475,84.806,99.302,0.4001895493252611,0.399434524259514,0.0007550250657470947,3,{0: 3},max_iter,6.39,300.0,200.0,"{0: 1.5278391982408277, 1: 0.6376227841782401, 2: 0.3698414780218696, 3: 0.6299605754570426}","{'random': 1.2046649854322014, 'probability': 0.8977139688896103, 'degree': 0.44718009942825016, 'bridge': 0.7994847953052905, 'betweenness': 0.42054106660461016, 'spectral': 1.3180859448993667}","{'random': 0.45959523113606093, 'worst': 1.3691181907153183, 'related': 0.4274100318745801}","{'random': 2, 'probability': 1, 'degree': 0, 'bridge': 2, 'betweenness': 0, 'spectral': 3}",{0: 8},"{0: 8, 1: 0, 2: 0, 3: 0}","{0: 125, 1: 69, 2: 43, 3: 63}","{'random': 3, 'probability': 3, 'degree': 4, 'bridge': 4, 'betweenness': 7, 'spectral': 9}","{0: 0, 1: 0, 2: 0, 3: 0}","{0: 20, 1: 841, 2: 11010, 3: 9254}","(1, 1)",300.0,20.0,20.0,0.1,0.4,0.1,3.0,
repair_p=20,116,53,3,alns,7.0,349.056,354.97,276.666,281.6415,0.20738792629262925,0.20657661210806555,0.0008113141845637051,3,{0: 3},max_iter,21.32,300.0,240.0,"{0: 2.9173257592794726, 1: 1.1314719984777035, 2: 1.0795084505496004, 3: 1.2392868589410242}","{'random': 2.1119452065059345, 'probability': 2.566758067261723, 'degree': 0.8176335081124955, 'bridge': 1.4822785393237807, 'betweenness': 0.889384059404216, 'spectral': 2.2722596942536706}","{'random': 1.835535789884262, 'worst': 2.0901698895527967, 'related': 1.0267506765310297}","{'random': 2, 'probability': 5, 'degree': 2, 'bridge': 0, 'betweenness': 0, 'spectral': 3}","{1: 1, 0: 11}","{0: 11, 1: 1, 2: 0, 3: 0}","{0: 123, 1: 63, 2: 55, 3: 59}","{'random': 3, 'probability': 14, 'degree': 5, 'bridge': 2, 'betweenness': 3, 'spectral': 4}","{0: 0, 1: 0, 2: 0, 3: 0}","{0: 53, 1: 2164, 2: 14007, 3: 5668}","(1, 1)",300.0,20.0,20.0,0.1,0.4,0.1,3.0,
repair_p=20,3674,7,3,alns,7.0,531.844,528.274,30.724,53.6085,0.9422311805717466,0.8985214112373503,0.0437097693343963,3,{0: 3},max_iter,15.13,300.0,191.0,"{0: 1.0372930801105928, 1: 0.8736072807422819, 2: 0.6629667256529371, 3: 0.6329120388300775}","{'random': 0.8162949703230006, 'probability': 0.7541210328914001, 'degree': 0.46490458680000024, 'bridge': 0.9531996856233753, 'betweenness': 1.1498065070822763, 'spectral': 0.9934243927347782}","{'random': 0.9077334117480957, 'worst': 0.774131514229519, 'related': 0.7185859179694603}","{'random': 0, 'probability': 1, 'degree': 0, 'bridge': 2, 'betweenness': 2, 'spectral': 0}","{1: 1, 0: 4}","{0: 4, 1: 1, 2: 0, 3: 0}","{0: 92, 1: 77, 2: 65, 3: 66}","{'random': 4, 'probability': 7, 'degree': 7, 'bridge': 2, 'betweenness': 18, 'spectral': 12}","{0: 0, 1: 0, 2: 0, 3: 0}","{0: 7, 1: 432, 2: 7314, 3: 12494}","(1, 1)",300.0,20.0,20.0,0.1,0.4,0.1,3.0,
repair_p=20,3463,28,3,alns,7.0,538.636,518.6645,274.608,272.2215,0.49017889632330547,0.4751491571140882,0.015029739209217241,3,{0: 3},max_iter,14.5,300.0,162.0,"{0: 1.2855564879422943, 1: 0.40330937809486805, 2: 0.4813985298435639, 3: 0.28242953648100017}","{'random': 0.7786985791547574, 'probability': 0.34832976165990004, 'degree': 0.8093253725810127, 'bridge': 0.31381059609000017, 'betweenness': 0.3736542767643631, 'spectral': 0.8549989357889316}","{'random': 0.7955687005749172, 'worst': 0.7479608312677419, 'related': 0.3215460272836186}","{'random': 1, 'probability': 0, 'degree': 2, 'bridge': 0, 'betweenness': 0, 'spectral': 3}",{0: 6},"{0: 6, 1: 0, 2: 0, 3: 0}","{0: 166, 1: 49, 2: 56, 3: 29}","{'random': 0, 'probability': 12, 'degree': 21, 'bridge': 2, 'betweenness': 2, 'spectral': 38}","{0: 0, 1: 0, 2: 0, 3: 0}","{0: 28, 1: 1169, 2: 11698, 3: 8523}","(1, 1)",300.0,20.0,20.0,0.1,0.4,0.1,3.0,
repair_p=20,222,19,3,alns,7.0,538.894,521.737,128.582,101.6335,0.7613964898477252,0.8052016629067902,-0.04380517305906495,3,{0: 3},max_iter,17.3,300.0,206.0,"{0: 0.8691910199971019, 1: 0.6895611276362442, 2: 0.6323395586426392, 3: 0.47401875065884724}","{'random': 0.7605827417433334, 'probability': 0.7416913438587152, 'degree': 0.6367216994666102, 'bridge': 0.7801174513499358, 'betweenness': 0.5177874835485001, 'spectral': 0.8177747228807359}","{'random': 0.49015646056277573, 'worst': 0.8075040484850045, 'related': 0.5250365083181793}","{'random': 1, 'probability': 2, 'degree': 0, 'bridge': 0, 'betweenness': 0, 'spectral': 1}","{0: 3, 1: 1}","{0: 3, 1: 1, 2: 0, 3: 0}","{0: 87, 1: 83, 2: 69, 3: 61}","{'random': 2, 'probability': 8, 'degree': 10, 'bridge': 0, 'betweenness': 8, 'spectral': 14}","{0: 0, 1: 0, 2: 0, 3: 0}","{0: 19, 1: 1225, 2: 10872, 3: 9298}","(1, 1)",300.0,20.0,20.0,0.1,0.4,0.1,3.0,
repair_p=20,21,136,3,alns,7.0,643.556,644.473,626.218,627.9585,0.02694093443305645,0.025624812831569366,0.0013161216014870858,3,{1: 3},max_iter,60.39,300.0,295.0,"{0: 5.543078150100455, 1: 8.190363119638707, 2: 6.1978441251253376, 3: 5.417225754273739}","{'random': 7.811611042914854, 'probability': 6.916668389555768, 'degree': 4.304379510346811, 'bridge': 5.848269653408942, 'betweenness': 6.475115941380505, 'spectral': 3.355398375007996}","{'random': 6.957588610274396, 'worst': 5.9620698968020776, 'related': 6.865142991996951}","{'random': 5, 'probability': 5, 'degree': 0, 'bridge': 3, 'betweenness': 3, 'spectral': 0}","{2: 6, 1: 8, 3: 1, 0: 1}","{0: 1, 1: 8, 2: 6, 3: 1}","{0: 70, 1: 84, 2: 83, 3: 63}","{'random': 17, 'probability': 17, 'degree': 17, 'bridge': 9, 'betweenness': 10, 'spectral': 15}","{0: 0, 1: 0, 2: 0, 3: 0}","{0: 136, 1: 5378, 2: 13944, 3: 2769}","(1, 1)",300.0,20.0,20.0,0.1,0.4,0.1,3.0,
repair_p=60,1347,5,3,alns,7.0,34.692,28.385,2.364,2.3345,0.9318574887582152,0.9177558569667078,0.014101631791507363,3,{0: 3},max_iter,1.82,300.0,138.0,"{0: 0.4200887185925876, 1: 0.25418658283290013, 2: 0.2802407075732724, 3: 0.2058911320946491}","{'random': 0.3050238993994802, 'probability': 0.25418658283290013, 'degree': 0.25418658283290013, 'bridge': 0.2058911320946491, 'betweenness': 0.2058911320946491, 'spectral': 0.5246411069671059}","{'random': 0.3002579009713633, 'worst': 0.3852016100987722, 'related': 0.2058911320946491}","{'random': 0, 'probability': 0, 'degree': 0, 'bridge': 0, 'betweenness': 0, 'spectral': 2}",{0: 2},"{0: 2, 1: 0, 2: 0, 3: 0}","{0: 111, 1: 56, 2: 64, 3: 69}","{'random': 6, 'probability': 4, 'degree': 15, 'bridge': 0, 'betweenness': 16, 'spectral': 39}","{0: 0, 1: 0, 2: 0, 3: 0}","{0: 5, 1: 521, 2: 8504, 3: 10865}","(1, 1)",300.0,20.0,60.0,0.1,0.4,0.1,3.0,
repair_p=60,323,15,3,alns,7.0,85.276,75.632,14.62,13.113,0.8285566865237581,0.826621006981172,0.0019356795425861106,3,{0: 3},max_iter,2.01,300.0,139.0,"{0: 0.7624091194125774, 1: 0.32485045286044634, 2: 0.3545902830518956, 3: 0.28850177151534157}","{'random': 0.4674208828760551, 'probability': 0.25418658283290013, 'degree': 0.5566686164040514, 'bridge': 0.45753584909922024, 'betweenness': 1.1379086024819494, 'spectral': 0.43847185538675276}","{'random': 0.2058911320946491, 'worst': 0.398709811357892, 'related': 0.6972620396642932}","{'random': 0, 'probability': 0, 'degree': 1, 'bridge': 1, 'betweenness': 1, 'spectral': 1}",{0: 4},"{0: 4, 1: 0, 2: 0, 3: 0}","{0: 117, 1: 60, 2: 66, 3: 57}","{'random': 2, 'probability': 0, 'degree': 10, 'bridge': 0, 'betweenness': 32, 'spectral': 13}","{0: 0, 1: 0, 2: 0, 3: 0}","{0: 15, 1: 135, 2: 3264, 3: 14440}","(1, 1)",300.0,20.0,60.0,0.1,0.4,0.1,3.0,
repair_p=60,240,20,3,alns,7.0,141.388,165.3475,84.806,99.302,0.4001895493252611,0.399434524259514,0.0007550250657470947,3,{0: 3},max_iter,5.22,300.0,195.0,"{0: 1.4037084488094045, 1: 0.38793714189497375, 2: 0.5280726258353501, 3: 0.41805219989917647}","{'random': 0.9023387364069664, 'probability': 1.3199732567509566, 'degree': 0.7234903292854951, 'bridge': 0.7078183403186831, 'betweenness': 0.5165636222237493, 'spectral': 0.6185206848933904}","{'random': 2.074030394369454, 'worst': 1.072233262768671, 'related': 0.5414174214340771}","{'random': 1, 'probability': 1, 'degree': 1, 'bridge': 1, 'betweenness': 1, 'spectral': 1}",{0: 6},"{0: 6, 1: 0, 2: 0, 3: 0}","{0: 137, 1: 43, 2: 52, 3: 68}","{'random': 1, 'probability': 7, 'degree': 6, 'bridge': 1, 'betweenness': 3, 'spectral': 12}","{0: 0, 1: 0, 2: 0, 3: 0}","{0: 20, 1: 841, 2: 11010, 3: 9254}","(1, 1)",300.0,20.0,60.0,0.1,0.4,0.1,3.0,
repair_p=60,116,53,3,alns,7.0,349.056,354.97,276.744,277.0635,0.20716446644664455,0.21947347663182815,-0.0123090101851836,3,{0: 3},max_iter,18.27,300.0,239.0,"{0: 2.651486902095339, 1: 1.7823348363581804, 2: 0.6591184779357003, 3: 0.9766931408052559}","{'random': 2.4758876024916483, 'probability': 3.137151240141091, 'degree': 0.7033941828202501, 'bridge': 1.4070492287697605, 'betweenness': 1.3683141534385626, 'spectral': 1.5436001717680505}","{'random': 1.7195928168841212, 'worst': 1.5768879510363996, 'related': 2.635904662954118}","{'random': 9, 'probability': 5, 'degree': 0, 'bridge': 0, 'betweenness': 0, 'spectral': 1}","{1: 3, 0: 11, 3: 1}","{0: 11, 1: 3, 2: 0, 3: 1}","{0: 124, 1: 85, 2: 35, 3: 56}","{'random': 2, 'probability': 19, 'degree': 6, 'bridge': 0, 'betweenness': 3, 'spectral': 5}","{0: 0, 1: 0, 2: 0, 3: 0}","{0: 53, 1: 2164, 2: 14007, 3: 5668}","(1, 1)",300.0,20.0,60.0,0.1,0.4,0.1,3.0,
repair_p=60,3674,7,3,alns,7.0,531.844,528.274,30.724,53.6085,0.9422311805717466,0.8985214112373503,0.0437097693343963,3,{0: 3},max_iter,11.14,300.0,195.0,"{0: 0.9397560396868797, 1: 0.6720737083962921, 2: 0.8888431373828958, 3: 1.1010431215755432}","{'random': 0.7023952836594451, 'probability': 1.267731690948934, 'degree': 0.6662826576182882, 'bridge': 0.923411214789532, 'betweenness': 0.4550253643305001, 'spectral': 0.39398920339099514}","{'random': 0.8456136673988975, 'worst': 1.1371552711301371, 'related': 0.28977270442950603}","{'random': 1, 'probability': 3, 'degree': 1, 'bridge': 1, 'betweenness': 0, 'spectral': 0}","{1: 1, 0: 5}","{0: 5, 1: 1, 2: 0, 3: 0}","{0: 91, 1: 75, 2: 58, 3: 76}","{'random': 4, 'probability': 13, 'degree': 14, 'bridge': 2, 'betweenness': 11, 'spectral': 3}","{0: 0, 1: 0, 2: 0, 3: 0}","{0: 7, 1: 432, 2: 7314, 3: 12494}","(1, 1)",300.0,20.0,60.0,0.1,0.4,0.1,3.0,
repair_p=60,3463,28,3,alns,7.0,538.636,518.6645,274.608,272.2215,0.49017889632330547,0.4751491571140882,0.015029739209217241,3,{0: 3},max_iter,18.6,300.0,194.0,"{0: 1.487108695046091, 1: 0.505153468949917, 2: 0.7112180934741184, 3: 0.5610933458089203}","{'random': 0.9913276730483103, 'probability': 1.0127850675231436, 'degree': 0.8446055288464309, 'bridge': 0.9413376450911731, 'betweenness': 1.0421649896148906, 'spectral': 0.6009472915123502}","{'random': 0.7632557355707428, 'worst': 0.7757138124624012, 'related': 0.9753350327464883}","{'random': 2, 'probability': 2, 'degree': 1, 'bridge': 1, 'betweenness': 1, 'spectral': 0}","{0: 6, 3: 1}","{0: 6, 1: 0, 2: 0, 3: 1}","{0: 125, 1: 66, 2: 66, 3: 43}","{'random': 2, 'probability': 19, 'degree': 16, 'bridge': 2, 'betweenness': 2, 'spectral': 14}","{0: 0, 1: 0, 2: 0, 3: 0}","{0: 28, 1: 1169, 2: 11698, 3: 8523}","(1, 1)",300.0,20.0,60.0,0.1,0.4,0.1,3.0,
repair_p=60,222,19,3,alns,7.0,538.894,521.737,128.582,101.6335,0.7613964898477252,0.8052016629067902,-0.04380517305906495,3,{0: 3},max_iter,7.36,300.0,144.0,"{0: 0.5833582076015058, 1: 0.38127987424935017, 2: 0.2653707924775477, 3: 0.2058911320946491}","{'random': 0.398709811357892, 'probability': 0.5833582076015058, 'degree': 0.28242953648100017, 'bridge': 0.22876792454961012, 'betweenness': 0.22876792454961012, 'spectral': 0.45753584909922024}","{'random': 0.2058911320946491, 'worst': 0.42586029031542816, 'related': 0.2058911320946491}","{'random': 1, 'probability': 1, 'degree': 0, 'bridge': 0, 'betweenness': 0, 'spectral': 1}","{0: 2, 1: 1}","{0: 2, 1: 1, 2: 0, 3: 0}","{0: 124, 1: 73, 2: 53, 3: 50}","{'random': 2, 'probability': 7, 'degree': 14, 'bridge': 0, 'betweenness': 12, 'spectral': 28}","{0: 0, 1: 0, 2: 0, 3: 0}","{0: 19, 1: 1225, 2: 10872, 3: 9298}","(1, 1)",300.0,20.0,60.0,0.1,0.4,0.1,3.0,
repair_p=60,21,136,3,alns,7.0,643.556,644.473,641.48,642.3395,0.00322582650150105,0.0033104567607951108,-8.463025929406065e-05,3,"{1: 2, 2: 1}",max_iter,58.29,300.0,290.0,"{0: 5.511760690198267, 1: 6.284083377149599, 2: 6.573469943333924, 3: 4.970208062779511}","{'random': 5.846548119947093, 'probability': 7.413828972250101, 'degree': 4.9619561257510005, 'bridge': 7.106039797503688, 'betweenness': 5.959373366689814, 'spectral': 2.8399686576569967}","{'random': 5.98058497405609, 'worst': 5.120057642095965, 'related': 6.339479614382099}","{'random': 1, 'probability': 4, 'degree': 0, 'bridge': 1, 'betweenness': 3, 'spectral': 0}","{2: 5, 1: 4}","{0: 0, 1: 4, 2: 5, 3: 0}","{0: 81, 1: 81, 2: 88, 3: 50}","{'random': 13, 'probability': 23, 'degree': 19, 'bridge': 11, 'betweenness': 17, 'spectral': 21}","{0: 0, 1: 0, 2: 0, 3: 0}","{0: 136, 1: 5378, 2: 13944, 3: 2769}","(1, 1)",300.0,20.0,60.0,0.1,0.4,0.1,3.0,
max_hop_scope=1,1347,5,3,alns,7.0,34.692,28.385,2.364,2.3345,0.9318574887582152,0.9177558569667078,0.014101631791507363,3,{0: 3},max_iter,0.33,300.0,95.0,"{0: 0.50546817614771, 1: 0.2446057039415062}","{'random': 0.41635762268029025, 'probability': 0.25418658283290013, 'degree': 0.2058911320946491, 'bridge': 0.22876792454961012, 'betweenness': 0.5369691562345016, 'spectral': 0.5083731656658003}","{'random': 0.3259942924831944, 'worst': 0.38286854039205565, 'related': 0.3946246698480775}","{'random': 1, 'probability': 0, 'degree': 0, 'bridge': 0, 'betweenness': 1, 'spectral': 1}",{0: 3},"{0: 3, 1: 0}","{0: 204, 1: 96}","{'random': 18, 'probability': 8, 'degree': 19, 'bridge': 4, 'betweenness': 51, 'spectral': 32}","{0: 0, 1: 0}","{0: 5, 1: 521}","(1, 1)",300.0,20.0,6.0,0.1,0.4,0.1,1.0,
max_hop_scope=1,323,15,3,alns,7.0,85.276,75.632,14.62,13.113,0.8285566865237581,0.826621006981172,0.0019356795425861106,3,{0: 3},max_iter,0.99,300.0,157.0,"{0: 0.5137040231668791, 1: 0.5814935124743527}","{'random': 0.5272018014312002, 'probability': 0.580769270183763, 'degree': 0.45753584909922024, 'bridge': 1.0843882053187996, 'betweenness': 0.8984876356487207, 'spectral': 0.22876792454961012}","{'random': 0.5099063545781255, 'worst': 0.7504599618659268, 'related': 0.40771527886397174}","{'random': 0, 'probability': 0, 'degree': 1, 'bridge': 1, 'betweenness': 1, 'spectral': 0}",{0: 3},"{0: 3, 1: 0}","{0: 151, 1: 149}","{'random': 3, 'probability': 0, 'degree': 9, 'bridge': 8, 'betweenness': 20, 'spectral': 8}","{0: 0, 1: 0}","{0: 15, 1: 135}","(1, 1)",300.0,20.0,6.0,0.1,0.4,0.1,1.0,
max_hop_scope=1,240,20,3,alns,7.0,141.388,165.3475,84.806,99.302,0.4001895493252611,0.399434524259514,0.0007550250657470947,3,{0: 3},max_iter,3.52,300.0,182.0,"{0: 0.6524525763477506, 1: 0.45364174488410336}","{'random': 0.4942516888417503, 'probability': 0.9033508724344789, 'degree': 0.610572310795282, 'bridge': 0.6226159131723646, 'betweenness': 0.2058911320946491, 'spectral': 0.5909367334970792}","{'random': 0.37958529703046406, 'worst': 0.6932210557883568, 'related': 0.5134568973224582}","{'random': 0, 'probability': 2, 'degree': 0, 'bridge': 0, 'betweenness': 0, 'spectral': 0}",{0: 2},"{0: 2, 1: 0}","{0: 161, 1: 139}","{'random': 0, 'probability': 6, 'degree': 8, 'bridge': 2, 'betweenness': 1, 'spectral': 6}","{0: 0, 1: 0}","{0: 20, 1: 841}","(1, 1)",300.0,20.0,6.0,0.1,0.4,0.1,1.0,
max_hop_scope=1,116,53,3,alns,7.0,349.056,354.97,275.594,281.7555,0.21045906674000736,0.20625545820773594,0.004203608532271419,3,{0: 3},max_iter,18.54,300.0,244.0,"{0: 1.7612402123169224, 1: 1.1934184977762325}","{'random': 1.7360314436612938, 'probability': 2.294173166209359, 'degree': 1.3770083365761219, 'bridge': 1.0868868737626054, 'betweenness': 1.9693474522994703, 'spectral': 1.3618715874634577}","{'random': 0.9116588834379472, 'worst': 1.9002507076289044, 'related': 1.590256067367049}","{'random': 1, 'probability': 3, 'degree': 0, 'bridge': 0, 'betweenness': 1, 'spectral': 2}","{1: 1, 0: 6}","{0: 6, 1: 1}","{0: 164, 1: 136}","{'random': 2, 'probability': 1, 'degree': 3, 'bridge': 0, 'betweenness': 1, 'spectral': 4}","{0: 0, 1: 0}","{0: 53, 1: 2164}","(1, 1)",300.0,20.0,6.0,0.1,0.4,0.1,1.0,
max_hop_scope=1,3674,7,3,alns,7.0,531.844,528.274,30.724,53.6085,0.9422311805717466,0.8985214112373503,0.0437097693343963,3,{0: 3},max_iter,8.78,300.0,147.0,"{0: 0.7353406019203438, 1: 0.8771286394869214}","{'random': 1.090382255208742, 'probability': 0.7862524485034955, 'degree': 0.9707338526799043, 'bridge': 0.38742048900000015, 'betweenness': 0.7354465129965243, 'spectral': 0.9704917840565095}","{'random': 0.6577030759211876, 'worst': 0.9176291641584599, 'related': 0.6744763020934036}","{'random': 0, 'probability': 1, 'degree': 2, 'bridge': 0, 'betweenness': 1, 'spectral': 1}","{0: 4, 1: 1}","{0: 4, 1: 1}","{0: 141, 1: 159}","{'random': 5, 'probability': 8, 'degree': 26, 'bridge': 0, 'betweenness': 12, 'spectral': 15}","{0: 0, 1: 0}","{0: 7, 1: 432}","(1, 1)",300.0,20.0,6.0,0.1,0.4,0.1,1.0,
max_hop_scope=1,3463,28,3,alns,7.0,538.636,518.6645,274.608,272.2215,0.49017889632330547,0.4751491571140882,0.015029739209217241,3,{0: 3},max_iter,12.48,300.0,172.0,"{0: 1.0300323758323264, 1: 0.815465724439188}","{'random': 0.8468257388137678, 'probability': 0.5932763658301503, 'degree': 0.9055736974901164, 'bridge': 1.3827269704703404, 'betweenness': 1.3311973334899176, 'spectral': 1.0442744941774955}","{'random': 0.874886694768937, 'worst': 1.255791600798548, 'related': 0.5345214335849995}","{'random': 1, 'probability': 0, 'degree': 2, 'bridge': 0, 'betweenness': 1, 'spectral': 2}","{1: 1, 0: 5}","{0: 5, 1: 1}","{0: 192, 1: 108}","{'random': 1, 'probability': 6, 'degree': 7, 'bridge': 1, 'betweenness': 1, 'spectral': 15}","{0: 0, 1: 0}","{0: 28, 1: 1169}","(1, 1)",300.0,20.0,6.0,0.1,0.4,0.1,1.0,
max_hop_scope=1,222,19,3,alns,7.0,538.894,521.737,128.582,101.6335,0.7613964898477252,0.8052016629067902,-0.04380517305906495,3,{0: 3},max_iter,6.83,300.0,147.0,"{0: 0.42158660381285296, 1: 0.2903592888514282}","{'random': 0.3065490188964775, 'probability': 0.45753584909922024, 'degree': 0.3050238993994802, 'bridge': 0.28242953648100017, 'betweenness': 0.2058911320946491, 'spectral': 0.41635762268029025}","{'random': 0.2058911320946491, 'worst': 0.4117822641892982, 'related': 0.3317134905969346}","{'random': 0, 'probability': 1, 'degree': 0, 'bridge': 0, 'betweenness': 0, 'spectral': 1}",{0: 2},"{0: 2, 1: 0}","{0: 175, 1: 125}","{'random': 1, 'probability': 10, 'degree': 14, 'bridge': 0, 'betweenness': 15, 'spectral': 25}","{0: 0, 1: 0}","{0: 19, 1: 1225}","(1, 1)",300.0,20.0,6.0,0.1,0.4,0.1,1.0,
max_hop_scope=1,21,136,3,alns,7.0,643.556,644.473,642.132,642.964,0.0022127056542089463,0.0023414479737706717,-0.00012874231956172544,3,{1: 3},max_iter,57.92,300.0,297.0,"{0: 6.736345354982698, 1: 7.661046490274718}","{'random': 7.62056247986728, 'probability': 6.1854564550309945, 'degree': 4.797723413564398, 'bridge': 7.795127793623216, 'betweenness': 5.489701151994002, 'spectral': 8.19728530028406}","{'random': 7.6337293378571465, 'worst': 6.0366552366535435, 'related': 7.634109539701947}","{'random': 4, 'probability': 2, 'degree': 0, 'bridge': 2, 'betweenness': 1, 'spectral': 0}","{1: 5, 0: 4}","{0: 4, 1: 5}","{0: 135, 1: 165}","{'random': 14, 'probability': 15, 'degree': 14, 'bridge': 3, 'betweenness': 16, 'spectral': 11}","{0: 0, 1: 0}","{0: 136, 1: 5378}","(1, 1)",300.0,20.0,6.0,0.1,0.4,0.1,1.0,
q_max_frac=0.7,1347,5,3,alns,7.0,34.692,28.385,2.364,2.3345,0.9318574887582152,0.9177558569667078,0.014101631791507363,3,{0: 3},max_iter,2.0,300.0,162.0,"{0: 0.5294343396719549, 1: 0.2058911320946491, 2: 0.25418658283290013, 3: 0.22876792454961012}","{'random': 0.2058911320946491, 'probability': 0.25418658283290013, 'degree': 0.3317134905969346, 'bridge': 0.3946246698480775, 'betweenness': 0.22876792454961012, 'spectral': 0.45753584909922024}","{'random': 0.22876792454961012, 'worst': 0.2058911320946491, 'related': 0.48899143872479167}","{'random': 0, 'probability': 0, 'degree': 1, 'bridge': 1, 'betweenness': 0, 'spectral': 1}",{0: 3},"{0: 3, 1: 0, 2: 0, 3: 0}","{0: 146, 1: 55, 2: 41, 3: 58}","{'random': 4, 'probability': 2, 'degree': 27, 'bridge': 0, 'betweenness': 12, 'spectral': 30}","{0: 0, 1: 0, 2: 0, 3: 0}","{0: 5, 1: 521, 2: 8504, 3: 10865}","(1, 2)",300.0,20.0,6.0,0.1,0.7,0.1,3.0,
q_max_frac=0.7,323,15,3,alns,7.0,85.276,75.632,14.62,13.113,0.8285566865237581,0.826621006981172,0.0019356795425861106,3,{0: 3},max_iter,4.1,300.0,238.0,"{0: 0.7312974886153631, 1: 0.3903882268008623, 2: 0.5403724321490975, 3: 0.24706935851357886}","{'random': 0.7831582760260478, 'probability': 0.602422201313973, 'degree': 0.7878977126287101, 'bridge': 0.5239067901722552, 'betweenness': 0.5608243652979857, 'spectral': 0.28242953648100017}","{'random': 0.41037515989147316, 'worst': 0.711473624959506, 'related': 0.47066882254558656}","{'random': 1, 'probability': 0, 'degree': 1, 'bridge': 0, 'betweenness': 1, 'spectral': 0}",{0: 3},"{0: 3, 1: 0, 2: 0, 3: 0}","{0: 115, 1: 68, 2: 78, 3: 39}","{'random': 1, 'probability': 2, 'degree': 8, 'bridge': 3, 'betweenness': 11, 'spectral': 4}","{0: 0, 1: 0, 2: 0, 3: 0}","{0: 15, 1: 135, 2: 3264, 3: 14440}","(1, 2)",300.0,20.0,6.0,0.1,0.7,0.1,3.0,
q_max_frac=0.7,240,20,3,alns,7.0,141.388,165.3475,84.806,99.302,0.4001895493252611,0.399434524259514,0.0007550250657470947,3,{0: 3},max_iter,7.68,300.0,241.0,"{0: 1.8980651263415986, 1: 0.6015849994736904, 2: 0.869479501595079, 3: 0.4206787945884496}","{'random': 1.0064681626135525, 'probability': 0.8579426728905002, 'degree': 0.8136154872024, 'bridge': 0.9861433412046752, 'betweenness': 1.5920543931622568, 'spectral': 0.6464498279454}","{'random': 0.9263088571547775, 'worst': 1.2959876806256314, 'related': 0.5725295005321431}","{'random': 1, 'probability': 0, 'degree': 1, 'bridge': 0, 'betweenness': 4, 'spectral': 0}",{0: 6},"{0: 6, 1: 0, 2: 0, 3: 0}","{0: 128, 1: 51, 2: 77, 3: 44}","{'random': 2, 'probability': 3, 'degree': 7, 'bridge': 1, 'betweenness': 6, 'spectral': 2}","{0: 0, 1: 0, 2: 0, 3: 0}","{0: 20, 1: 841, 2: 11010, 3: 9254}","(1, 2)",300.0,20.0,6.0,0.1,0.7,0.1,3.0,
q_max_frac=0.7,116,53,3,alns,7.0,349.056,354.97,276.666,281.6415,0.20738792629262925,0.20657661210806555,0.0008113141845637051,3,{0: 3},max_iter,22.43,300.0,280.0,"{0: 2.691486008190381, 1: 1.317603213435494, 2: 0.9921294010082469, 3: 0.5451454913156263}","{'random': 1.3430541438455181, 'probability': 2.099569352801157, 'degree': 2.287761686777134, 'bridge': 1.0540552149876672, 'betweenness': 1.5498524210151612, 'spectral': 1.3380846458873312}","{'random': 1.6180212579174065, 'worst': 1.9494293820474755, 'related': 1.2675909143348179}","{'random': 2, 'probability': 3, 'degree': 2, 'bridge': 0, 'betweenness': 3, 'spectral': 1}",{0: 11},"{0: 11, 1: 0, 2: 0, 3: 0}","{0: 122, 1: 82, 2: 55, 3: 41}","{'random': 0, 'probability': 7, 'degree': 1, 'bridge': 0, 'betweenness': 3, 'spectral': 2}","{0: 0, 1: 0, 2: 0, 3: 0}","{0: 53, 1: 2164, 2: 14007, 3: 5668}","(1, 2)",300.0,20.0,6.0,0.1,0.7,0.1,3.0,
q_max_frac=0.7,3674,7,3,alns,7.0,531.844,528.274,30.724,53.6085,0.9422311805717466,0.8985214112373503,0.0437097693343963,3,{0: 3},max_iter,14.47,300.0,208.0,"{0: 0.751118737182919, 1: 0.5342255550229718, 2: 0.3545902830518956, 3: 0.4327778741959125}","{'random': 0.4289398585305189, 'probability': 0.4051451700819946, 'degree': 0.5979660908494951, 'bridge': 0.5261662264641032, 'betweenness': 0.8848831188545825, 'spectral': 0.41234712326226014}","{'random': 0.3545902830518956, 'worst': 0.7430760331139623, 'related': 0.40434495306196516}","{'random': 0, 'probability': 0, 'degree': 0, 'bridge': 1, 'betweenness': 1, 'spectral': 0}",{0: 2},"{0: 2, 1: 0, 2: 0, 3: 0}","{0: 110, 1: 65, 2: 49, 3: 76}","{'random': 5, 'probability': 1, 'degree': 8, 'bridge': 2, 'betweenness': 10, 'spectral': 5}","{0: 0, 1: 0, 2: 0, 3: 0}","{0: 7, 1: 432, 2: 7314, 3: 12494}","(1, 2)",300.0,20.0,6.0,0.1,0.7,0.1,3.0,
q_max_frac=0.7,3463,28,3,alns,7.0,538.636,518.6645,274.608,272.2215,0.49017889632330547,0.4751491571140882,0.015029739209217241,3,{0: 3},max_iter,21.77,300.0,228.0,"{0: 1.3675897675932027, 1: 0.3065490188964775, 2: 0.4789347430802145, 3: 0.6531183031123128}","{'random': 0.6134773003133724, 'probability': 0.34867844010000015, 'degree': 0.9464348257733778, 'bridge': 0.6001627650221252, 'betweenness': 0.9335284102944003, 'spectral': 1.0729498090913194}","{'random': 0.7346137941647567, 'worst': 0.8017233108907327, 'related': 0.6506941162575174}","{'random': 0, 'probability': 0, 'degree': 3, 'bridge': 0, 'betweenness': 2, 'spectral': 1}",{0: 6},"{0: 6, 1: 0, 2: 0, 3: 0}","{0: 165, 1: 32, 2: 46, 3: 57}","{'random': 1, 'probability': 3, 'degree': 7, 'bridge': 1, 'betweenness': 0, 'spectral': 19}","{0: 0, 1: 0, 2: 0, 3: 0}","{0: 28, 1: 1169, 2: 11698, 3: 8523}","(1, 2)",300.0,20.0,6.0,0.1,0.7,0.1,3.0,
q_max_frac=0.7,222,19,3,alns,7.0,538.894,521.737,128.582,101.6335,0.7613964898477252,0.8052016629067902,-0.04380517305906495,3,{0: 3},max_iter,21.91,300.0,249.0,"{0: 1.3466684864425214, 1: 0.6930906832592301, 2: 0.48275277199930944, 3: 0.9046720150440177}","{'random': 1.754092754406181, 'probability': 1.5644646212343136, 'degree': 1.285017862771016, 'bridge': 0.8057714675802934, 'betweenness': 0.35586121596606013, 'spectral': 0.6433117219845002}","{'random': 0.8925221653651159, 'worst': 1.1405263058710002, 'related': 0.6594553400508858}","{'random': 1, 'probability': 6, 'degree': 2, 'bridge': 1, 'betweenness': 0, 'spectral': 0}","{0: 8, 3: 2}","{0: 8, 1: 0, 2: 0, 3: 2}","{0: 114, 1: 62, 2: 47, 3: 77}","{'random': 3, 'probability': 6, 'degree': 10, 'bridge': 0, 'betweenness': 2, 'spectral': 3}","{0: 0, 1: 0, 2: 0, 3: 0}","{0: 19, 1: 1225, 2: 10872, 3: 9298}","(1, 2)",300.0,20.0,6.0,0.1,0.7,0.1,3.0,
q_max_frac=0.7,21,136,3,alns,7.0,643.556,644.473,641.56,642.475,0.003101517195085002,0.003100207456324666,1.309738760335577e-06,3,"{0: 2, 1: 1}",max_iter,60.99,300.0,301.0,"{0: 5.719650259329854, 1: 7.255097690429953, 2: 6.5806895185822825, 3: 5.65867050537805}","{'random': 7.964969337638038, 'probability': 7.060234225788092, 'degree': 5.119150944045769, 'bridge': 5.895904990730649, 'betweenness': 4.339691237983334, 'spectral': 6.401406145418896}","{'random': 7.079209803890265, 'worst': 6.038412212045848, 'related': 6.500525019441384}","{'random': 5, 'probability': 3, 'degree': 0, 'bridge': 3, 'betweenness': 0, 'spectral': 0}","{2: 8, 0: 1, 1: 2}","{0: 1, 1: 2, 2: 8, 3: 0}","{0: 74, 1: 67, 2: 97, 3: 62}","{'random': 11, 'probability': 12, 'degree': 20, 'bridge': 9, 'betweenness': 10, 'spectral': 15}","{0: 0, 1: 0, 2: 0, 3: 0}","{0: 136, 1: 5378, 2: 13944, 3: 2769}","(1, 2)",300.0,20.0,6.0,0.1,0.7,0.1,3.0,
max_iter=150,1347,5,3,alns,7.0,34.692,28.385,2.364,2.3345,0.9318574887582152,0.9177558569667078,0.014101631791507363,3,{0: 3},max_iter,0.74,150.0,99.0,"{0: 1.2577437000000002, 1: 0.47829690000000014, 2: 0.5934424500000002, 3: 0.47829690000000014}","{'random': 0.6164715600000001, 'probability': 1.3551745500000005, 'degree': 1.1278359000000004, 'bridge': 0.47829690000000014, 'betweenness': 0.5314410000000002, 'spectral': 0.47829690000000014}","{'random': 0.9654511500000004, 'worst': 0.6510152250000001, 'related': 0.6536724300000001}","{'random': 0, 'probability': 1, 'degree': 1, 'bridge': 0, 'betweenness': 0, 'spectral': 0}",{0: 2},"{0: 2, 1: 0, 2: 0, 3: 0}","{0: 59, 1: 28, 2: 33, 3: 30}","{'random': 2, 'probability': 3, 'degree': 13, 'bridge': 1, 'betweenness': 7, 'spectral': 5}","{0: 0, 1: 0, 2: 0, 3: 0}","{0: 5, 1: 521, 2: 8504, 3: 10865}","(1, 1)",150.0,20.0,6.0,0.1,0.4,0.1,3.0,
max_iter=150,323,15,3,alns,7.0,85.276,75.632,14.62,13.113,0.8285566865237581,0.826621006981172,0.0019356795425861106,3,{0: 3},max_iter,0.82,150.0,112.0,"{0: 2.394436950000001, 1: 1.2660105600000002, 2: 0.5934424500000002, 3: 0.8372304642857146}","{'random': 1.0924065, 'probability': 0.47829690000000014, 'degree': 1.383642, 'bridge': 1.1172914357142858, 'betweenness': 0.5904900000000002, 'spectral': 0.6702061500000001}","{'random': 0.5646560625, 'worst': 1.4419765800000004, 'related': 0.7971615000000002}","{'random': 0, 'probability': 0, 'degree': 1, 'bridge': 1, 'betweenness': 0, 'spectral': 0}",{0: 2},"{0: 2, 1: 0, 2: 0, 3: 0}","{0: 65, 1: 36, 2: 22, 3: 27}","{'random': 2, 'probability': 0, 'degree': 9, 'bridge': 0, 'betweenness': 2, 'spectral': 4}","{0: 0, 1: 0, 2: 0, 3: 0}","{0: 15, 1: 135, 2: 3264, 3: 14440}","(1, 1)",150.0,20.0,6.0,0.1,0.4,0.1,3.0,
max_iter=150,240,20,3,alns,7.0,141.388,165.3475,84.806,99.302,0.4001895493252611,0.399434524259514,0.0007550250657470947,3,{0: 3},max_iter,2.12,150.0,119.0,"{0: 2.572719507692308, 1: 0.8562105000000001, 2: 0.9447840000000003, 3: 1.1721226500000004}","{'random': 1.2748257321428573, 'probability': 0.7085880000000002, 'degree': 0.9644670000000001, 'bridge': 1.0097379, 'betweenness': 1.0097379, 'spectral': 2.1434787000000006}","{'random': 0.6453212142857145, 'worst': 1.5736558500000002, 'related': 1.0896457675324676}","{'random': 1, 'probability': 0, 'degree': 0, 'bridge': 1, 'betweenness': 0, 'spectral': 1}",{0: 3},"{0: 3, 1: 0, 2: 0, 3: 0}","{0: 67, 1: 23, 2: 24, 3: 36}","{'random': 2, 'probability': 2, 'degree': 0, 'bridge': 1, 'betweenness': 2, 'spectral': 3}","{0: 0, 1: 0, 2: 0, 3: 0}","{0: 20, 1: 841, 2: 11010, 3: 9254}","(1, 1)",150.0,20.0,6.0,0.1,0.4,0.1,3.0,
max_iter=150,116,53,3,alns,7.0,349.056,354.97,276.666,281.6415,0.20738792629262925,0.20657661210806555,0.0008113141845637051,3,{0: 3},max_iter,12.3,150.0,146.0,"{0: 5.816271171428573, 1: 1.5802168500000002, 2: 2.147217428571429, 3: 2.490140442857143}","{'random': 2.9916762750000006, 'probability': 5.132136000000001, 'degree': 4.078699950000001, 'bridge': 2.862658260000001, 'betweenness': 3.7433805750000007, 'spectral': 2.9358288000000003}","{'random': 3.5310975000000004, 'worst': 3.039992022857143, 'related': 3.6705535714285724}","{'random': 1, 'probability': 2, 'degree': 3, 'bridge': 0, 'betweenness': 2, 'spectral': 1}","{2: 1, 0: 8}","{0: 8, 1: 0, 2: 1, 3: 0}","{0: 49, 1: 19, 2: 41, 3: 41}","{'random': 4, 'probability': 0, 'degree': 5, 'bridge': 1, 'betweenness': 1, 'spectral': 2}","{0: 0, 1: 0, 2: 0, 3: 0}","{0: 53, 1: 2164, 2: 14007, 3: 5668}","(1, 1)",150.0,20.0,6.0,0.1,0.4,0.1,3.0,
max_iter=150,3674,7,3,alns,7.0,531.844,528.274,30.724,53.6085,0.9422311805717466,0.8985214112373503,0.0437097693343963,3,{0: 3},max_iter,2.51,150.0,108.0,"{0: 1.6920069171428573, 1: 1.9615749750000002, 2: 1.2795512142857146, 3: 0.5978711250000001}","{'random': 0.7233502500000001, 'probability': 1.86233985, 'degree': 1.2501985500000001, 'bridge': 1.2577437, 'betweenness': 1.9105632000000004, 'spectral': 1.0894540500000003}","{'random': 1.0539699750000004, 'worst': 1.6625683350000005, 'related': 0.6062364000000001}","{'random': 0, 'probability': 1, 'degree': 0, 'bridge': 1, 'betweenness': 1, 'spectral': 1}","{1: 1, 0: 3}","{0: 3, 1: 1, 2: 0, 3: 0}","{0: 49, 1: 46, 2: 36, 3: 19}","{'random': 3, 'probability': 3, 'degree': 4, 'bridge': 1, 'betweenness': 4, 'spectral': 5}","{0: 0, 1: 0, 2: 0, 3: 0}","{0: 7, 1: 432, 2: 7314, 3: 12494}","(1, 1)",150.0,20.0,6.0,0.1,0.4,0.1,3.0,
max_iter=150,3463,28,3,alns,7.0,538.636,518.6645,274.608,272.2215,0.49017889632330547,0.4751491571140882,0.015029739209217241,3,{0: 3},max_iter,5.71,150.0,126.0,"{0: 2.7804910500000006, 1: 0.6849684000000001, 2: 1.4304438000000002, 3: 1.3328385107142857}","{'random': 1.0224225, 'probability': 1.6031803500000001, 'degree': 0.9211644000000001, 'bridge': 1.5572064857142862, 'betweenness': 2.8300873500000003, 'spectral': 2.6642304771428575}","{'random': 0.7085880000000002, 'worst': 2.2692129750000003, 'related': 2.0887162200000002}","{'random': 0, 'probability': 2, 'degree': 1, 'bridge': 1, 'betweenness': 1, 'spectral': 4}","{0: 7, 2: 1, 3: 1}","{0: 7, 1: 0, 2: 1, 3: 1}","{0: 65, 1: 14, 2: 33, 3: 38}","{'random': 3, 'probability': 2, 'degree': 6, 'bridge': 0, 'betweenness': 1, 'spectral': 9}","{0: 0, 1: 0, 2: 0, 3: 0}","{0: 28, 1: 1169, 2: 11698, 3: 8523}","(1, 1)",150.0,20.0,6.0,0.1,0.4,0.1,3.0,
max_iter=150,222,19,3,alns,7.0,538.894,521.737,128.582,101.6335,0.7613964898477252,0.8052016629067902,-0.04380517305906495,3,{0: 3},max_iter,5.37,150.0,130.0,"{0: 3.5169709371428577, 1: 1.859387400000001, 2: 1.2194438625000004, 3: 2.6196979500000004}","{'random': 1.9663317000000002, 'probability': 1.9631970000000005, 'degree': 2.6438400000000004, 'bridge': 2.3707080000000005, 'betweenness': 2.2241790000000004, 'spectral': 2.0951460000000006}","{'random': 2.503240200000001, 'worst': 2.57923418961039, 'related': 1.1941840125000003}","{'random': 2, 'probability': 0, 'degree': 2, 'bridge': 1, 'betweenness': 2, 'spectral': 1}","{3: 2, 0: 6}","{0: 6, 1: 0, 2: 0, 3: 2}","{0: 54, 1: 31, 2: 30, 3: 35}","{'random': 2, 'probability': 3, 'degree': 7, 'bridge': 1, 'betweenness': 6, 'spectral': 1}","{0: 0, 1: 0, 2: 0, 3: 0}","{0: 19, 1: 1225, 2: 10872, 3: 9298}","(1, 1)",150.0,20.0,6.0,0.1,0.4,0.1,3.0,
max_iter=150,21,136,3,alns,7.0,643.556,644.473,642.006,643.0845,0.0024084928118144333,0.0021544735000533777,0.00025401931176105563,3,"{1: 1, 2: 1, 3: 1}",max_iter,5.46,150.0,150.0,"{0: 3.8502899400000006, 1: 5.379998183333335, 2: 5.067782191666668, 3: 4.242093795238096}","{'random': 4.1995640000000005, 'probability': 4.964422293333334, 'degree': 2.6077869, 'bridge': 5.841015453968255, 'betweenness': 4.796943861904763, 'spectral': 4.629132733333334}","{'random': 4.96760945, 'worst': 3.8127661400000004, 'related': 4.633224650000002}","{'random': 0, 'probability': 3, 'degree': 0, 'bridge': 2, 'betweenness': 1, 'spectral': 0}","{0: 1, 2: 3, 1: 2}","{0: 1, 1: 2, 2: 3, 3: 0}","{0: 32, 1: 41, 2: 41, 3: 36}","{'random': 7, 'probability': 8, 'degree': 6, 'bridge': 12, 'betweenness': 7, 'spectral': 11}","{0: 0, 1: 0, 2: 0, 3: 0}","{0: 136, 1: 5378, 2: 13944, 3: 2769}","(1, 1)",150.0,20.0,6.0,0.1,0.4,0.1,3.0,
