source,snap_id,out_degree,in_degree,reachable,sigma0_saa
0,1,486,398,3618,643.556
1,2,186,205,3618,643.556
2,3,241,250,3618,643.556
3,4,209,201,3618,643.556
4,5,130,145,3618,643.556
5,6,142,139,3618,643.556
6,7,172,186,3618,643.556
7,8,123,134,3618,633.328
8,9,126,126,3618,643.556
9,10,166,163,3618,643.556
10,11,183,183,3618,643.556
11,12,127,128,3618,639.654
12,13,114,115,3618,643.556
13,14,92,95,3618,643.556
14,15,152,113,3618,627.426
15,16,117,110,3618,643.556
16,17,110,107,3618,643.556
17,18,78,78,3618,643.556
18,19,97,94,3618,643.556
19,20,53,53,3618,643.556
20,21,91,91,3618,643.556
21,22,136,101,3618,643.556
22,23,62,65,3618,643.556
23,24,96,87,3618,643.556
24,25,106,103,3618,643.556
25,26,124,133,3618,643.556
26,27,63,88,3618,643.556
27,28,43,54,3618,643.608
28,29,65,86,3618,634.76
29,30,99,90,3618,643.556
30,31,51,68,3618,643.556
31,32,69,71,3618,643.556
32,33,132,118,3618,605.644
33,34,69,70,3618,643.556
34,35,17,81,3618,545.142
35,36,76,75,3618,643.556
36,37,51,46,3618,643.556
37,38,77,59,3618,643.556
38,39,51,53,3618,643.562
39,40,84,80,3618,643.556
40,41,0,70,1,1.0
41,42,78,80,3618,643.654
42,43,73,76,3618,643.556
43,44,50,49,3618,642.346
44,45,67,64,3618,642.33
45,46,51,49,3618,642.352
46,47,40,43,3618,643.556
47,48,60,59,3618,642.212
48,49,60,59,3618,643.556
49,50,45,59,3618,603.93
50,51,72,70,3618,643.566
51,52,60,56,3618,643.562
52,53,29,38,3618,633.48
53,54,39,37,3618,643.556
54,55,26,32,3618,639.604
55,56,34,33,3618,643.556
56,57,58,55,3618,643.574
57,58,110,75,3618,637.402
58,59,30,35,3618,643.57
59,60,20,26,3618,643.556
60,61,42,42,3618,643.57
61,62,42,42,3618,643.556
62,63,36,38,3618,643.556
63,64,34,44,3618,571.32
64,65,52,54,3618,617.812
65,66,39,42,3618,643.556
66,67,62,61,3618,643.584
67,68,36,33,3618,643.556
68,69,67,67,3618,494.86
69,70,51,49,3618,445.412
70,71,21,22,3618,638.492
71,72,44,45,3618,629.732
72,73,53,52,3618,631.796
73,74,17,24,3618,641.084
74,75,54,53,3618,635.906
75,76,31,29,3618,639.852
76,77,47,46,3618,601.132
77,78,52,54,3618,619.55
78,79,69,67,3618,427.266
79,80,24,31,3618,643.556
80,81,39,39,3618,520.834
81,82,37,43,3618,643.762
82,83,37,47,3618,440.462
83,84,45,48,3618,636.156
84,85,78,66,3618,643.56
85,86,31,28,3618,539.568
86,87,51,54,3618,504.468
87,88,47,37,3618,572.106
88,89,44,48,3618,643.612
89,90,52,49,3618,637.36
90,91,23,24,3618,643.556
91,92,50,47,3618,643.592
92,93,39,38,3618,640.964
93,94,24,18,3618,140.674
94,95,98,90,3618,643.556
95,96,44,43,3618,536.026
96,97,44,41,3618,644.75
97,98,37,34,3618,613.188
98,99,33,34,3618,331.476
99,100,28,30,3618,643.63
100,101,16,26,3618,545.318
101,102,30,32,3618,642.78
102,103,42,42,3618,643.576
103,104,44,37,3618,634.084
104,105,37,40,3618,620.578
105,106,49,48,3618,481.362
106,107,31,31,3618,643.732
107,108,34,32,3618,633.404
108,109,43,40,3618,634.558
109,110,31,31,3618,610.722
110,111,17,26,3618,600.832
111,112,24,21,3618,643.62
112,113,36,33,3618,643.556
113,114,43,36,3618,551.76
114,115,44,44,3618,408.878
115,116,47,46,3618,505.312
116,117,53,52,3618,349.056
117,118,36,36,3618,643.556
118,119,20,23,3618,643.556
119,120,27,26,3618,643.556
120,121,34,32,3618,474.774
121,122,34,32,3618,635.994
122,123,34,33,3618,629.746
123,124,55,47,3618,643.556
124,125,58,61,3618,616.722
125,126,33,25,3618,525.194
126,127,1,23,2,1.264
127,128,35,33,3618,570.21
128,129,93,16,3618,643.624
129,130,43,43,3618,642.9
130,131,36,32,3618,642.274
131,132,31,28,3618,640.986
132,133,37,36,3618,568.918
133,134,9,18,3618,144.276
134,135,31,28,3618,456.708
135,136,36,33,3618,578.046
136,137,30,28,3618,469.664
137,138,5,22,3618,350.426
138,139,22,24,3618,251.086
139,140,32,32,3618,355.64
140,141,29,29,3618,240.828
141,142,44,43,3618,643.578
142,143,24,24,3618,626.108
143,144,21,17,3618,628.126
144,145,51,64,3618,633.392
145,146,35,35,3618,301.714
146,147,9,10,3618,643.096
147,148,28,29,3618,644.256
148,149,30,30,3618,543.8
149,150,41,35,3618,494.38
150,151,19,19,3618,110.414
151,152,32,26,3618,643.748
152,153,27,30,3618,199.54
153,154,50,44,3618,425.206
154,155,37,37,3618,359.18
155,156,47,39,3618,640.558
156,157,22,22,3618,559.372
157,158,23,23,3618,643.778
158,159,27,21,3618,643.556
159,160,10,9,3618,642.214
160,161,35,34,3618,602.844
161,162,21,25,3618,468.674
162,163,29,31,3618,642.48
163,164,19,27,3618,639.168
164,165,15,18,3618,630.666
165,166,51,44,3618,641.408
166,167,27,24,3618,337.72
167,168,16,16,3618,642.31
168,169,24,21,3618,591.168
169,170,20,17,3618,526.236
170,171,8,18,3618,85.09
171,172,31,29,3618,611.896
172,173,41,31,3618,511.416
173,174,28,28,3618,641.054
174,175,27,27,3618,322.52
175,176,22,21,3618,643.556
176,177,184,156,3618,643.556
177,178,30,30,3618,558.766
178,179,25,21,3618,582.41
179,180,10,11,3618,258.31
180,181,24,22,3618,645.994
181,182,25,25,3618,345.846
182,183,21,21,3618,641.072
183,184,10,20,3618,69.072
184,185,30,28,3618,643.556
185,186,12,9,3618,270.158
186,187,16,15,3618,518.334
187,188,24,29,3618,631.948
188,189,13,15,3618,486.848
189,190,42,25,3618,523.382
190,191,25,22,3618,643.844
191,192,25,18,3618,514.912
192,193,20,19,3618,583.23
193,194,15,17,3618,620.562
194,195,9,11,3618,643.608
195,196,18,23,3618,436.34
196,197,35,32,3618,631.274
197,198,20,18,3618,599.354
198,199,32,26,3618,433.6
199,200,4,11,3618,13.966
200,201,13,15,3618,539.73
201,202,25,25,3618,203.966
202,203,28,26,3618,574.6
203,204,18,18,3618,643.794
204,205,30,27,3618,629.66
205,206,19,18,3618,141.366
206,207,19,19,3618,642.278
207,208,14,15,3618,611.57
208,209,15,18,3618,389.12
209,210,12,12,3618,382.606
210,211,29,27,3618,615.424
211,212,17,19,3618,440.856
212,213,6,6,3618,110.414
213,214,20,20,3618,294.012
214,215,13,15,3618,644.324
215,216,18,17,3618,548.132
216,217,26,29,3618,152.636
217,218,12,12,3618,110.414
218,219,25,25,3618,370.246
219,220,9,12,3618,635.98
220,221,7,8,3618,88.598
221,222,26,26,3618,361.122
222,223,19,17,3618,538.894
223,224,20,20,3618,625.59
224,225,18,17,3618,249.372
225,226,33,30,3618,155.016
226,227,18,15,3618,643.632
227,228,17,20,3618,258.88
228,229,15,15,3618,519.18
229,230,8,13,3618,111.43
230,231,13,14,3618,640.986
231,232,14,14,3618,639.476
232,233,10,16,3618,486.814
233,234,10,12,3618,641.04
234,235,11,12,3618,630.858
235,236,18,17,3618,461.432
236,237,20,21,3618,271.402
237,238,17,17,3618,175.506
238,239,18,17,3618,10.044
239,240,9,9,3618,640.182
240,241,20,24,3618,141.388
241,242,14,17,3618,553.866
242,243,6,5,3618,643.556
243,244,28,32,3618,643.6
244,245,23,24,3618,503.584
245,246,18,11,3618,497.358
246,247,16,17,3618,632.248
247,248,14,14,3618,643.57
248,249,31,27,3618,640.506
249,250,15,15,3618,641.034
250,251,14,16,3618,476.888
251,252,22,21,3618,57.54
252,253,19,19,3618,635.662
253,254,22,12,3618,643.628
254,255,35,33,3618,338.958
255,256,29,29,3618,573.72
256,257,11,13,3618,625.82
257,258,29,23,3618,323.322
258,259,24,24,3618,449.832
259,260,29,26,3618,188.72
260,261,2,4,3618,110.414
261,262,13,15,3618,632.388
262,263,8,10,3618,21.74
263,264,19,18,3618,643.718
264,265,13,12,3618,643.558
265,266,19,18,3618,639.868
266,267,13,10,3618,643.556
267,268,0,14,1,1.0
268,269,21,17,3618,644.268
269,270,10,12,3618,215.138
270,271,6,5,3618,643.556
271,272,30,29,3618,555.114
272,273,9,9,3618,272.76
273,274,11,14,3618,640.648
274,275,11,13,3618,181.678
275,276,6,7,3618,87.324
276,277,23,22,3618,308.366
277,278,18,17,3618,227.646
278,279,22,16,3618,568.272
279,280,22,21,3618,481.15
280,281,24,22,3618,470.508
281,282,7,8,3618,139.492
282,283,10,9,3618,628.072
283,284,21,17,3618,621.998
284,285,13,13,3618,637.216
285,286,11,13,3618,533.822
286,287,19,15,3618,585.736
287,288,34,33,3618,642.64
288,289,18,17,3618,225.994
289,290,23,23,3618,401.08
290,291,13,13,3618,583.39
291,292,21,20,3618,638.934
292,293,18,13,3618,533.76
293,294,2,4,3,1.03
294,295,23,25,3618,375.076
295,296,19,18,3618,641.03
296,297,9,9,3618,360.492
297,298,12,14,3618,180.556
298,299,16,16,3618,172.72
299,300,11,11,3618,334.642
300,301,9,9,3618,643.618
301,302,10,8,3618,643.576
302,303,12,12,3618,147.576
303,304,23,15,3618,643.014
304,305,16,16,3618,257.954
305,306,17,13,3618,570.118
306,307,7,7,3618,497.358
307,308,13,11,3618,438.248
308,309,23,22,3618,414.506
309,310,12,11,3618,383.752
310,311,8,12,3618,359.728
311,312,11,10,3618,643.578
312,313,10,10,3618,535.212
313,314,13,16,3618,643.608
314,315,19,18,3618,219.578
315,316,14,10,3618,385.426
316,317,3,11,3618,319.84
317,318,13,15,3618,642.766
318,319,16,15,3618,481.958
319,320,16,15,3618,413.888
320,321,11,15,3618,435.138
321,322,10,8,3618,643.112
322,323,13,13,3618,542.926
323,324,15,12,3618,85.276
324,325,7,5,3618,67.918
325,326,14,13,3618,510.616
326,327,13,12,3618,642.76
327,328,21,21,3618,256.524
328,329,13,12,3618,432.704
329,330,15,17,3618,310.132
330,331,17,15,3618,591.044
331,332,17,16,3618,115.528
332,333,12,13,3618,592.348
333,334,8,8,3618,643.656
334,335,5,9,3618,405.104
335,336,14,13,3618,627.098
336,337,7,14,3618,105.626
337,338,3,4,4,1.262
338,339,11,12,3618,179.708
339,340,13,14,3618,80.098
340,341,16,15,3618,150.816
341,342,8,9,3618,76.134
342,343,8,7,3618,21.58
343,344,8,9,3618,644.628
344,345,14,13,3618,611.31
345,346,16,15,3618,468.15
346,347,17,17,3618,265.38
347,348,18,13,3618,606.738
348,349,7,8,3618,630.93
349,350,22,16,3618,398.844
350,351,16,14,3618,515.184
351,352,2,11,3618,559.256
352,353,18,16,3618,644.15
353,354,6,5,3618,639.768
354,355,12,12,3618,141.596
355,356,15,13,3618,223.136
356,357,12,12,3618,369.248
357,358,9,11,3618,380.296
358,359,11,11,3618,6.696
359,360,22,19,3618,325.596
360,361,10,10,3618,484.656
361,362,11,20,3618,258.152
362,363,4,4,3618,570.604
363,364,6,4,3618,279.934
364,365,12,13,3618,95.228
365,366,9,12,3618,97.508
366,367,9,9,3618,217.536
367,368,9,10,3618,214.908
368,369,8,11,3618,348.174
369,370,15,14,3618,443.934
370,371,19,17,3618,173.652
371,372,11,10,3618,642.572
372,373,14,15,3618,588.142
373,374,11,9,3618,279.89
374,375,27,21,3618,587.94
375,376,20,17,3618,273.296
376,377,4,4,3618,570.604
377,378,8,5,3618,250.286
378,379,12,15,3618,83.442
379,380,10,10,3618,430.342
380,381,5,8,3618,640.154
381,382,15,18,3618,118.328
382,383,14,14,3618,534.536
383,384,10,15,3618,395.262
384,385,5,8,3618,114.556
385,386,10,11,3618,284.32
386,387,3,4,3618,147.602
387,388,3,3,3618,67.898
388,389,25,14,3618,318.266
389,390,8,7,3618,612.25
390,391,14,14,3618,535.472
391,392,12,10,3618,431.764
392,393,14,16,3618,343.754
393,394,5,5,3618,481.142
394,395,17,16,3618,395.422
395,396,13,14,3618,518.958
396,397,15,15,3618,202.294
397,398,17,15,3618,245.178
398,399,2,3,3618,570.604
399,400,4,5,3618,273.1
400,401,14,13,3618,491.412
401,402,15,13,3618,206.128
402,403,21,19,3618,82.61
403,404,19,18,3618,643.246
404,405,10,10,3618,44.74
405,406,17,16,3618,355.66
406,407,0,7,1,1.0
407,408,21,20,3618,411.744
408,409,19,13,3618,95.264
409,410,9,9,3618,443.126
410,411,16,14,3618,354.614
411,412,20,17,3618,590.364
412,413,13,12,3618,114.22
413,414,0,2,1,1.0
414,415,4,4,3618,43.174
415,416,12,12,3618,512.166
416,417,11,12,3618,162.874
417,418,2,2,3618,497.358
418,419,15,14,3618,125.732
419,420,1,6,3618,322.79
420,421,3,4,3618,641.828
421,422,11,13,3618,60.234
422,423,8,7,3618,456.758
423,424,13,15,3618,77.422
424,425,2,3,3618,51.198
425,426,4,6,3618,44.32
426,427,8,8,3618,643.622
427,428,2,5,3618,642.488
428,429,5,5,3618,643.706
429,430,6,4,3618,646.46
430,431,14,14,3618,204.194
431,432,15,14,3618,84.91
432,433,10,12,3618,569.332
433,434,4,7,3618,48.788
434,435,14,11,3618,643.846
435,436,3,7,3618,17.74
436,437,12,8,3618,626.058
437,438,10,8,3618,91.668
438,439,7,11,3618,33.576
439,440,5,6,3618,641.124
440,441,8,10,3618,92.044
441,442,13,11,3618,207.256
442,443,9,10,3618,214.732
443,444,15,15,3618,60.584
444,445,6,5,3618,352.628
445,446,5,5,3618,352.634
446,447,10,10,3618,220.458
447,448,6,6,3618,7.642
448,449,11,10,3618,575.42
449,450,2,3,3618,631.042
450,451,11,11,3618,313.456
451,452,15,14,3618,168.462
452,453,8,8,3618,56.15
453,454,13,13,3618,449.324
454,455,7,8,3618,487.654
455,456,10,10,3618,61.59
456,457,9,9,3618,524.292
457,458,7,8,3618,105.686
458,459,11,11,3618,108.81
459,460,13,13,3618,137.574
460,461,1,2,3618,566.984
461,462,14,13,3618,406.136
462,463,6,5,3618,604.702
463,464,7,5,3618,194.596
464,465,5,3,3618,235.924
465,466,10,10,3618,258.088
466,467,13,13,3618,136.552
467,468,7,6,3618,51.198
468,469,0,9,1,1.0
469,470,3,4,3618,245.632
470,471,1,3,3618,91.044
471,472,10,9,3618,221.458
472,473,11,11,3618,225.688
473,474,11,11,3618,181.402
474,475,9,6,3618,644.752
475,476,10,10,3618,51.486
476,477,6,6,3618,126.328
477,478,16,15,3618,129.824
478,479,6,7,3618,639.066
479,480,7,7,3618,104.282
480,481,4,5,3618,79.102
481,482,11,11,3618,258.022
482,483,6,10,3618,57.894
483,484,17,12,3618,352.584
484,485,9,10,3618,166.568
485,486,5,5,3618,86.632
486,487,18,18,3618,495.186
487,488,8,6,3618,28.472
488,489,6,7,3618,228.382
489,490,12,11,3618,569.606
490,491,53,26,3618,630.218
491,492,9,9,3618,531.19
492,493,8,9,3618,231.97
493,494,10,10,3618,209.782
494,495,5,5,3618,512.042
495,496,7,8,3618,41.928
496,497,4,7,3618,105.26
497,498,12,14,3618,194.132
498,499,5,5,3618,54.032
499,500,8,7,3618,633.782
500,501,7,6,3618,307.478
501,502,5,5,3618,179.706
502,503,8,9,3618,571.596
503,504,7,8,3618,76.594
504,505,13,12,3618,120.438
505,506,8,7,3618,538.43
506,507,17,16,3618,116.654
507,508,8,8,3618,236.222
508,509,12,11,3618,129.444
509,510,4,3,3618,329.926
510,511,6,6,3618,61.714
511,512,8,9,3618,206.9
512,513,7,6,3618,47.602
513,514,10,10,3618,108.752
514,515,5,6,3618,44.328
515,516,11,10,3618,85.318
516,517,4,8,3618,411.876
517,518,7,9,3618,463.376
518,519,14,14,3618,360.986
519,520,5,6,3618,354.08
520,521,4,6,3618,235.01
521,522,9,11,3618,130.31
522,523,9,10,3618,485.122
523,524,2,3,3618,643.622
524,525,6,6,3618,615.148
525,526,16,13,3618,275.614
526,527,2,2,3,1.516
527,528,8,7,3618,517.65
528,529,12,12,3618,119.182
529,530,11,10,3618,264.476
530,531,12,12,3618,132.252
531,532,5,6,3618,31.768
532,533,3,3,3618,35.554
533,534,10,8,3618,218.37
534,535,12,11,3618,80.318
535,536,18,17,3618,75.856
536,537,8,8,3618,73.624
537,538,2,4,3618,29.354
538,539,5,5,3618,34.01
539,540,10,10,3618,366.718
540,541,13,15,3618,83.064
541,542,12,12,3618,110.98
542,543,5,5,3618,633.086
543,544,9,7,3618,241.02
544,545,11,12,3618,355.764
545,546,4,7,3618,447.372
546,547,8,12,3618,50.398
547,548,8,8,3618,497.942
548,549,8,10,3618,260.946
549,550,11,10,3618,336.222
550,551,4,5,3618,420.986
551,552,6,7,3618,306.188
552,553,20,15,3618,105.582
553,554,3,4,3618,566.212
554,555,4,5,3618,118.914
555,556,2,2,3618,88.6
556,557,9,9,3618,580.706
557,558,1,11,3618,59.048
558,559,5,3,3618,252.254
559,560,0,3,1,1.0
560,561,8,8,3618,451.764
561,562,5,6,3618,392.528
562,563,10,11,3618,78.286
563,564,8,8,3618,81.834
564,565,5,6,3618,156.158
565,566,8,8,3618,369.774
566,567,3,3,3618,421.388
567,568,13,11,3618,140.016
568,569,5,5,3618,44.506
569,570,8,9,3618,146.296
570,571,5,5,3618,4.792
571,572,7,8,3618,370.218
572,573,3,3,3618,598.6
573,574,7,8,3618,384.802
574,575,7,7,3618,38.164
575,576,4,4,3618,129.348
576,577,3,3,3618,122.098
577,578,9,7,3618,151.494
578,579,5,5,3618,129.37
579,580,9,13,3618,61.608
580,581,3,3,3618,489.338
581,582,0,3,1,1.0
582,583,4,4,3618,75.65
583,584,3,4,3618,44.502
584,585,15,13,3618,638.096
585,586,7,8,3618,388.63
586,587,12,13,3618,92.604
587,588,10,11,3618,303.566
588,589,8,7,3618,399.638
589,590,4,4,3618,124.764
590,591,9,9,3618,285.198
591,592,9,9,3618,177.492
592,593,8,10,3618,182.468
593,594,5,5,3618,631.108
594,595,3,5,3618,4.612
595,596,10,10,3618,110.238
596,597,10,11,3618,47.436
597,598,10,7,3618,518.15
598,599,12,11,3618,185.544
599,600,2,2,3618,566.22
600,601,3,5,3618,581.886
601,602,8,9,3618,179.61
602,603,9,8,3618,643.246
603,604,4,5,3618,22.496
604,605,10,9,3618,407.124
605,606,2,4,3618,3.61
606,607,4,5,3618,38.008
607,608,6,5,3618,640.302
608,609,10,10,3618,75.236
609,610,7,9,3618,74.856
610,611,8,8,3618,1.258
611,612,9,9,3618,22.086
612,613,15,13,3618,577.678
613,614,19,16,3618,122.108
614,615,7,7,3618,86.366
615,616,6,6,3618,15.632
616,617,9,9,3618,118.45
617,618,1,2,3618,5.992
618,619,9,10,3618,42.418
619,620,6,6,3618,80.974
620,621,7,6,3618,364.644
621,622,11,12,3618,45.198
622,623,13,12,3618,600.298
623,624,2,4,3618,12.752
624,625,6,8,3618,64.642
625,626,1,5,3618,15.276
626,627,8,9,3618,86.244
627,628,3,3,3618,147.518
628,629,8,8,3618,152.978
629,630,6,5,3618,610.056
630,631,0,3,1,1.0
631,632,12,10,3618,356.18
632,633,4,3,3618,595.888
633,634,7,7,3618,139.362
634,635,9,7,3618,95.58
635,636,4,4,3618,25.374
636,637,7,7,3618,381.608
637,638,4,6,3618,575.3
638,639,8,10,3618,139.204
639,640,6,6,3618,354.276
640,641,16,16,3618,196.582
641,642,6,6,3618,644.002
642,643,8,9,3618,134.8
643,644,3,3,3618,11.34
644,645,16,16,3618,238.756
645,646,3,4,3618,501.484
646,647,9,7,3618,122.818
647,648,5,4,3618,39.812
648,649,13,13,3618,390.176
649,650,11,13,3618,203.218
650,651,10,5,3618,644.046
651,652,1,2,3618,230.42
652,653,0,4,1,1.0
653,654,10,9,3618,125.662
654,655,8,8,3618,218.554
655,656,12,13,3618,544.462
656,657,8,8,3618,316.326
657,658,5,5,3618,87.3
658,659,1,3,3618,6.172
659,660,10,10,3618,140.458
660,661,7,7,3618,78.32
661,662,3,2,3618,621.856
662,663,10,9,3618,62.81
663,664,9,9,3618,128.696
664,665,6,5,3618,2.182
665,666,15,12,3618,498.5
666,667,4,5,3618,1.492
667,668,8,8,3618,124.538
668,669,8,8,3618,70.464
669,670,5,7,3618,49.884
670,671,8,7,3618,84.412
671,672,4,9,3618,42.496
672,673,9,4,3618,611.352
673,674,3,3,3618,247.296
674,675,5,7,3618,367.01
675,676,7,6,3618,15.682
676,677,7,6,3618,75.878
677,678,7,6,3618,93.258
678,679,3,3,3618,392.598
679,680,12,11,3618,640.936
680,681,10,9,3618,544.136
681,682,12,12,3618,16.646
682,683,8,7,3618,314.702
683,684,8,8,3618,160.984
684,685,4,4,3618,31.442
685,686,11,8,3618,248.56
686,687,10,10,3618,115.356
687,688,3,4,3618,617.278
688,689,8,7,3618,190.434
689,690,5,6,3618,626.102
690,691,3,3,3618,29.724
691,692,3,3,3618,37.86
692,693,11,8,3618,368.264
693,694,7,8,3618,97.54
694,695,10,10,3618,80.714
695,696,9,7,3618,244.5
696,697,8,9,3618,125.914
697,698,3,6,3618,138.51
698,699,4,4,3618,628.464
699,700,8,9,3618,81.14
700,701,12,11,3618,472.256
701,702,9,9,3618,325.862
702,703,10,10,3618,149.094
703,704,7,7,3618,381.404
704,705,7,9,3618,7.794
705,706,10,10,3618,139.426
706,707,10,10,3618,107.394
707,708,8,6,3618,237.248
708,709,3,3,3618,20.106
709,710,7,6,3618,158.754
710,711,4,6,3618,105.36
711,712,6,6,3618,29.132
712,713,5,6,3618,101.252
713,714,2,2,3618,174.298
714,715,12,11,3618,366.398
715,716,16,16,3618,83.64
716,717,6,6,3618,349.4
717,718,8,9,3618,68.322
718,719,4,4,3618,48.602
719,720,11,11,3618,69.614
720,721,6,5,3618,374.596
721,722,2,2,3618,578.096
722,723,2,2,3618,5.99
723,724,0,2,1,1.0
724,725,10,10,3618,62.488
725,726,4,2,3618,647.038
726,727,5,5,3618,120.49
727,728,4,5,3618,352.054
728,729,9,8,3618,168.118
729,730,5,5,3618,137.55
730,731,2,2,3618,84.58
731,732,7,8,3618,61.502
732,733,5,5,3618,232.072
733,734,4,5,3618,166.036
734,735,8,9,3618,99.718
735,736,3,3,3618,598.608
736,737,2,3,3618,20.39
737,738,7,7,3618,101.586
738,739,14,12,3618,89.954
739,740,4,5,3618,469.644
740,741,6,6,3618,206.19
741,742,3,3,3618,234.376
742,743,6,6,3618,245.958
743,744,6,6,3618,47.324
744,745,3,3,3618,634.696
745,746,2,2,3618,15.088
746,747,10,10,3618,79.75
747,748,16,15,3618,642.732
748,749,3,3,3618,539.368
749,750,5,4,3618,641.404
750,751,7,7,3618,381.526
751,752,9,9,3618,128.098
752,753,4,4,3618,642.436
753,754,13,11,3618,641.054
754,755,2,2,3618,637.162
755,756,3,2,3618,380.612
756,757,10,7,3618,399.646
757,758,2,3,3618,436.252
758,759,18,17,3618,113.222
759,760,1,2,2,1.946
760,761,5,5,3618,93.022
761,762,9,9,3618,201.168
762,763,3,3,3618,72.956
763,764,0,2,1,1.0
764,765,1,2,3618,4.902
765,766,9,9,3618,215.132
766,767,0,3,1,1.0
767,768,11,8,3618,290.01
768,769,5,8,3618,59.226
769,770,3,4,3618,158.806
770,771,3,4,3618,212.792
771,772,5,4,3618,119.42
772,773,3,5,3618,24.096
773,774,8,8,3618,65.204
774,775,6,8,3618,41.102
775,776,1,1,3618,35.552
776,777,13,13,3618,513.14
777,778,6,6,3618,40.644
778,779,4,4,3618,252.556
779,780,4,5,3618,4.576
780,781,4,3,3618,193.622
781,782,1,1,3618,364.052
782,783,3,4,3618,143.268
783,784,8,6,3618,121.212
784,785,10,10,3618,386.392
785,786,4,4,3618,60.248
786,787,8,7,3618,158.456
787,788,1,1,3618,640.756
788,789,1,1,3618,146.216
789,790,1,1,3618,643.102
790,791,0,1,1,1.0
791,792,12,12,3618,52.7
792,793,5,5,3618,159.252
793,794,0,1,1,1.0
794,795,0,1,1,1.0
795,796,6,7,3618,639.924
796,797,0,1,1,1.0
797,798,70,61,3618,645.084
798,799,7,7,3618,204.314
799,800,6,5,3618,206.236
800,801,16,17,3618,346.354
801,802,2,3,3618,17.382
802,803,6,6,3618,76.336
803,804,7,7,3618,639.514
804,805,0,1,1,1.0
805,806,1,1,3618,630.822
806,807,10,8,3618,407.646
807,808,1,1,3618,110.392
808,809,3,2,3618,589.506
809,810,1,6,3618,174.316
810,811,1,1,3618,640.91
811,812,8,6,3618,102.622
812,813,13,10,3618,231.946
813,814,1,1,3618,641.128
814,815,10,9,3618,636.82
815,816,0,2,1,1.0
816,817,6,6,3618,307.964
817,818,5,4,3618,331.61
818,819,1,1,3618,609.79
819,820,0,1,1,1.0
820,821,4,4,3618,482.29
821,822,8,8,3618,164.808
822,823,1,1,3618,141.364
823,824,32,11,3618,336.482
824,825,8,8,3618,91.398
825,826,9,7,3618,368.628
826,827,1,1,3618,637.15
827,828,3,1,3618,67.92
828,829,1,1,3618,43.132
829,830,6,6,3618,180.176
830,831,1,1,3618,646.466
831,832,9,7,3618,158.974
832,833,1,1,3618,20.11
833,834,1,1,3618,22.5
834,835,0,1,1,1.0
835,836,0,1,1,1.0
836,837,0,1,1,1.0
837,838,0,1,1,1.0
838,839,4,5,3618,42.538
839,840,6,6,3618,206.614
840,841,6,7,3618,58.734
841,842,6,6,3618,202.826
842,843,0,2,1,1.0
843,844,5,4,3618,349.106
844,845,3,4,3618,41.754
845,846,3,5,3618,20.176
846,847,2,3,3618,65.44
847,848,6,6,3618,59.512
848,849,4,4,3618,34.404
849,850,9,9,3618,58.614
850,851,9,8,3618,85.326
851,852,2,2,3618,47.308
852,853,7,7,3618,80.748
853,854,7,7,3618,75.318
854,855,1,1,3618,21.566
855,856,3,3,3618,40.626
856,857,7,7,3618,93.646
857,858,2,4,3618,6.272
858,859,6,6,3618,609.774
859,860,2,2,3618,606.362
860,861,1,1,3618,137.168
861,862,4,5,3618,26.728
862,863,16,14,3618,181.716
863,864,4,4,3618,128.004
864,865,7,6,3618,209.81
865,866,9,7,3618,151.562
866,867,2,2,3618,119.796
867,868,2,2,3618,299.386
868,869,5,5,3618,64.15
869,870,6,7,3618,643.806
870,871,8,5,3618,152.366
871,872,3,3,3618,632.334
872,873,0,1,1,1.0
873,874,10,8,3618,93.388
874,875,2,4,3618,494.936
875,876,17,16,3618,396.494
876,877,6,6,3618,159.222
877,878,5,5,3618,165.894
878,879,5,5,3618,219.992
879,880,1,1,3618,4.606
880,881,5,5,3618,99.282
881,882,6,8,3618,127.184
882,883,7,7,3618,48.826
883,884,4,4,3618,63.848
884,885,10,9,3618,116.408
885,886,3,6,3618,68.9
886,887,5,3,3618,93.806
887,888,5,4,3618,572.648
888,889,0,1,1,1.0
889,890,7,7,3618,220.058
890,891,4,5,3618,261.144
891,892,4,3,3618,522.764
892,893,4,4,3618,284.36
893,894,7,6,3618,128.546
894,895,3,3,3618,408.158
895,896,6,7,3618,84.656
896,897,1,6,3618,16.53
897,898,3,3,3618,441.2
898,899,1,2,3618,611.28
899,900,9,7,3618,194.07
900,901,0,1,1,1.0
901,902,2,4,3618,69.76
902,903,0,1,1,1.0
903,904,8,7,3618,167.946
904,905,3,2,3618,19.058
905,906,15,9,3618,87.418
906,907,0,1,1,1.0
907,908,2,3,3618,51.266
908,909,6,6,3618,50.248
909,910,2,3,3618,92.098
910,911,8,8,3618,47.39
911,912,6,5,3618,84.392
912,913,3,4,3618,7.414
913,914,5,5,3618,35.822
914,915,8,6,3618,36.854
915,916,3,3,3618,170.852
916,917,5,5,3618,77.034
917,918,7,6,3618,87.928
918,919,0,3,1,1.0
919,920,7,7,3618,23.96
920,921,3,3,3618,352.698
921,922,4,4,3618,27.858
922,923,2,3,3618,1.322
923,924,0,3,1,1.0
924,925,4,4,3618,98.76
925,926,9,10,3618,70.766
926,927,4,3,3618,54.304
927,928,0,1,1,1.0
928,929,2,2,3618,135.896
929,930,2,2,3618,5.724
930,931,5,5,3618,218.316
931,932,3,1,3618,405.534
932,933,4,6,3618,17.758
933,934,6,6,3618,71.872
934,935,5,5,3618,109.448
935,936,2,2,3618,1.636
936,937,15,14,3618,145.004
937,938,5,5,3618,96.186
938,939,8,8,3618,36.366
939,940,4,7,3618,11.608
940,941,9,12,3618,633.79
941,942,6,4,3618,128.484
942,943,6,6,3618,70.564
943,944,4,4,3618,157.562
944,945,8,7,3618,87.456
945,946,16,15,3618,148.528
946,947,3,3,3618,327.37
947,948,1,1,3618,31.454
948,949,9,7,3618,331.202
949,950,1,1,3618,54.926
950,951,8,8,3618,105.524
951,952,3,3,3618,189.856
952,953,7,4,3618,362.014
953,954,10,6,3618,344.68
954,955,7,7,3618,111.548
955,956,3,3,3618,576.488
956,957,2,3,3618,113.418
957,958,8,8,3618,150.696
958,959,2,3,3618,215.002
959,960,8,8,3618,100.354
960,961,5,6,3618,70.172
961,962,5,6,3618,73.316
962,963,1,1,3618,316.338
963,964,4,6,3618,347.588
964,965,3,3,3618,122.272
965,966,6,7,3618,83.034
966,967,7,7,3618,75.4
967,968,1,1,3618,606.438
968,969,7,6,3618,263.506
969,970,0,1,1,1.0
970,971,3,3,3618,639.476
971,972,1,4,3618,1.026
972,973,3,3,3618,228.944
973,974,5,5,3618,357.564
974,975,4,6,3618,97.77
975,976,4,4,3618,626.264
976,977,0,1,1,1.0
977,978,1,1,2,1.992
978,979,7,5,3618,33.548
979,980,7,6,3618,162.064
980,981,4,4,3618,355.424
981,982,5,5,3618,341.174
982,983,5,6,3618,85.03
983,984,4,6,3618,60.0
984,985,1,1,3618,186.766
985,986,6,6,3618,56.56
986,987,2,3,3618,23.022
987,988,7,6,3618,65.65
988,989,1,2,3618,13.816
989,990,5,6,3618,52.604
990,991,2,3,3618,11.318
991,992,5,5,3618,21.466
992,993,4,4,3618,196.772
993,994,10,9,3618,43.59
994,995,3,3,3618,71.822
995,996,2,3,3618,12.944
996,997,1,2,3618,2.488
997,998,2,3,3618,3.6
998,999,4,4,3618,58.252
999,1000,1,2,3618,8.968
1000,1001,7,7,3618,37.156
1001,1002,3,3,3618,51.518
1002,1003,4,4,3618,121.962
1003,1004,6,5,3618,35.722
1004,1005,1,1,3618,557.964
1005,1006,3,3,3618,74.35
1006,1007,3,3,3618,8.354
1007,1008,6,5,3618,16.546
1008,1009,6,5,3618,346.882
1009,1010,4,4,3618,51.358
1010,1011,5,5,3618,52.764
1011,1012,5,6,3618,1.07
1012,1013,3,2,3618,157.718
1013,1014,3,3,3618,50.09
1014,1015,1,2,3618,4.82
1015,1016,4,4,3618,118.586
1016,1017,1,2,3618,3.7
1017,1018,5,5,3618,36.89
1018,1019,0,1,1,1.0
1019,1020,4,5,3618,118.654
1020,1021,5,5,3618,37.458
1021,1022,5,5,3618,70.48
1022,1023,3,3,3618,224.556
1023,1024,3,4,3618,639.518
1024,1025,4,6,3618,37.988
1025,1026,5,3,3618,615.932
1026,1027,3,3,3618,429.786
1027,1028,0,1,1,1.0
1028,1029,6,6,3618,80.764
1029,1030,4,5,3618,78.752
1030,1031,5,4,3618,327.098
1031,1032,6,7,3618,50.08
1032,1033,5,5,3618,124.546
1033,1034,5,7,3618,55.388
1034,1035,2,5,3618,1.032
1035,1036,3,3,3618,138.894
1036,1037,1,2,3618,1.09
1037,1038,6,6,3618,43.78
1038,1039,7,5,3618,497.574
1039,1040,4,5,3618,67.912
1040,1041,7,6,3618,62.992
1041,1042,1,1,3618,549.508
1042,1043,8,8,3618,146.066
1043,1044,1,2,3618,1.054
1044,1045,5,5,3618,112.7
1045,1046,5,4,3618,154.218
1046,1047,2,2,3618,638.798
1047,1048,4,4,3618,56.462
1048,1049,1,4,3618,8.702
1049,1050,3,2,3618,615.584
1050,1051,6,6,3618,55.812
1051,1052,3,3,3618,569.35
1052,1053,5,5,3618,53.868
1053,1054,4,4,3618,115.444
1054,1055,3,3,3618,356.348
1055,1056,4,4,3618,181.384
1056,1057,2,2,3618,487.848
1057,1058,3,2,3618,221.39
1058,1059,8,7,3618,72.63
1059,1060,6,6,3618,75.95
1060,1061,4,4,3618,128.0
1061,1062,3,3,3618,369.864
1062,1063,6,6,3618,113.978
1063,1064,7,5,3618,198.61
1064,1065,8,7,3618,86.43
1065,1066,5,5,3618,14.242
1066,1067,2,2,3618,628.66
1067,1068,6,6,3618,105.08
1068,1069,1,1,3618,307.39
1069,1070,0,4,1,1.0
1070,1071,4,3,3618,162.488
1071,1072,4,3,3618,528.748
1072,1073,4,2,3618,67.428
1073,1074,16,4,3618,208.418
1074,1075,0,2,1,1.0
1075,1076,2,3,3618,36.912
1076,1077,4,4,3618,101.656
1077,1078,6,4,3618,54.364
1078,1079,1,2,3618,1.006
1079,1080,1,2,3618,20.338
1080,1081,1,2,3618,4.846
1081,1082,1,2,3618,618.202
1082,1083,7,6,3618,47.204
1083,1084,4,4,3618,11.504
1084,1085,2,2,3618,339.05
1085,1086,2,3,3618,8.814
1086,1087,4,6,3618,39.534
1087,1088,4,4,3618,19.344
1088,1089,3,4,3618,8.96
1089,1090,4,4,3618,52.218
1090,1091,2,2,3618,145.006
1091,1092,0,1,1,1.0
1092,1093,2,3,3618,15.034
1093,1094,2,4,3618,19.018
1094,1095,5,5,3618,21.448
1095,1096,3,3,3618,24.422
1096,1097,0,1,1,1.0
1097,1098,6,5,3618,53.866
1098,1099,4,5,3618,55.576
1099,1100,4,4,3618,25.598
1100,1101,5,5,3618,26.592
1101,1102,2,3,3618,21.83
1102,1103,5,5,3618,10.042
1103,1104,5,5,3618,5.354
1104,1105,3,4,3618,20.236
1105,1106,6,5,3618,63.02
1106,1107,2,4,3618,146.744
1107,1108,3,3,3618,21.6
1108,1109,3,2,3618,18.24
1109,1110,0,2,1,1.0
1110,1111,5,5,3618,77.984
1111,1112,2,2,3618,91.258
1112,1113,1,2,3618,2.346
1113,1114,2,2,3618,83.842
1114,1115,4,4,3618,9.002
1115,1116,3,3,3618,181.402
1116,1117,4,5,3618,20.28
1117,1118,3,3,3618,117.452
1118,1119,3,3,3618,48.754
1119,1120,6,5,3618,22.928
1120,1121,2,2,3618,78.31
1121,1122,3,3,3618,42.06
1122,1123,4,4,3618,12.644
1123,1124,3,3,3618,3.654
1124,1125,2,2,3618,318.028
1125,1126,1,1,3618,3.024
1126,1127,6,6,3618,67.844
1127,1128,5,4,3618,342.102
1128,1129,6,6,3618,27.072
1129,1130,5,4,3618,328.69
1130,1131,2,3,3618,10.002
1131,1132,5,5,3618,75.716
1132,1133,5,4,3618,95.828
1133,1134,5,5,3618,128.572
1134,1135,1,2,2,1.026
1135,1136,7,6,3618,149.5
1136,1137,6,6,3618,46.312
1137,1138,0,4,1,1.0
1138,1139,6,6,3618,73.014
1139,1140,6,6,3618,57.498
1140,1141,2,2,3618,14.7
1141,1142,2,2,3618,12.246
1142,1143,1,2,3618,14.124
1143,1144,5,5,3618,78.088
1144,1145,5,5,3618,81.726
1145,1146,4,4,3618,107.228
1146,1147,8,6,3618,84.348
1147,1148,5,6,3618,29.364
1148,1149,6,6,3618,50.886
1149,1150,5,5,3618,64.1
1150,1151,1,1,3618,638.608
1151,1152,4,4,3618,65.054
1152,1153,4,3,3618,306.62
1153,1154,5,5,3618,25.582
1154,1155,0,3,1,1.0
1155,1156,6,6,3618,38.398
1156,1157,5,5,3618,35.722
1157,1158,2,2,3618,13.922
1158,1159,5,4,3618,139.422
1159,1160,2,3,3618,25.632
1160,1161,4,3,3618,86.368
1161,1162,10,7,3618,101.182
1162,1163,2,2,3618,370.196
1163,1164,5,5,3618,46.906
1164,1165,3,3,3618,577.528
1165,1166,5,5,3618,33.706
1166,1167,5,5,3618,66.268
1167,1168,2,2,3618,332.922
1168,1169,3,2,3618,113.434
1169,1170,2,2,3618,613.548
1170,1171,3,4,3618,113.616
1171,1172,2,2,3618,163.492
1172,1173,5,6,3618,43.842
1173,1174,2,2,3618,567.954
1174,1175,4,4,3618,318.182
1175,1176,0,6,1,1.0
1176,1177,3,2,3618,307.498
1177,1178,3,3,3618,389.168
1178,1179,5,5,3618,153.472
1179,1180,6,5,3618,126.766
1180,1181,3,2,3618,115.714
1181,1182,4,4,3618,24.202
1182,1183,1,1,3618,280.59
1183,1184,5,5,3618,60.63
1184,1185,4,4,3618,344.306
1185,1186,6,6,3618,59.346
1186,1187,5,6,3618,44.824
1187,1188,3,3,3618,55.218
1188,1189,4,2,3618,225.538
1189,1190,6,5,3618,82.55
1190,1191,6,6,3618,58.694
1191,1192,6,5,3618,223.74
1192,1193,2,1,3618,461.794
1193,1194,5,6,3618,15.472
1194,1195,4,6,3618,183.05
1195,1196,2,2,3618,2.37
1196,1197,4,4,3618,112.808
1197,1198,4,4,3618,115.518
1198,1199,4,3,3618,110.612
1199,1200,0,3,1,1.0
1200,1201,1,3,3618,1.012
1201,1202,6,5,3618,61.904
1202,1203,0,1,1,1.0
1203,1204,0,2,1,1.0
1204,1205,0,4,1,1.0
1205,1206,0,1,1,1.0
1206,1207,1,2,3618,148.682
1207,1208,1,2,3618,19.074
1208,1209,3,3,3618,50.94
1209,1210,8,7,3618,54.672
1210,1211,0,1,1,1.0
1211,1212,4,3,3618,24.166
1212,1213,0,1,1,1.0
1213,1214,1,3,3618,1.012
1214,1215,0,1,1,1.0
1215,1216,1,1,3618,174.874
1216,1217,0,1,1,1.0
1217,1218,2,4,3618,13.806
1218,1219,1,2,3618,3.522
1219,1220,3,2,3618,225.098
1220,1221,5,4,3618,138.96
1221,1222,5,5,3618,27.728
1222,1223,0,1,1,1.0
1223,1224,3,4,3618,23.12
1224,1225,1,2,3618,16.512
1225,1226,4,4,3618,35.388
1226,1227,3,1,3618,438.482
1227,1228,1,1,3618,318.822
1228,1229,1,1,3618,28.936
1229,1230,3,2,3618,344.548
1230,1231,0,1,1,1.0
1231,1232,5,4,3618,20.606
1232,1233,3,2,3618,390.816
1233,1234,2,3,3618,190.336
1234,1235,8,8,3618,47.81
1235,1236,4,4,3618,63.296
1236,1237,4,3,3618,47.224
1237,1238,1,1,3618,47.238
1238,1239,2,2,3618,174.718
1239,1240,2,2,3618,11.292
1240,1241,7,5,3618,603.992
1241,1242,0,1,1,1.0
1242,1243,3,3,3618,37.308
1243,1244,2,2,3618,164.158
1244,1245,1,1,3618,300.278
1245,1246,2,1,3618,466.982
1246,1247,2,2,3618,638.558
1247,1248,5,5,3618,48.562
1248,1249,8,8,3618,643.398
1249,1250,3,3,3618,2.462
1250,1251,4,4,3618,30.232
1251,1252,3,4,3618,28.778
1252,1253,1,1,3618,22.528
1253,1254,4,3,3618,122.15
1254,1255,2,3,3618,44.98
1255,1256,4,3,3618,49.256
1256,1257,5,5,3618,5.224
1257,1258,4,4,3618,73.26
1258,1259,3,2,3618,327.706
1259,1260,2,2,3618,92.812
1260,1261,4,4,3618,30.778
1261,1262,1,2,3618,21.804
1262,1263,1,1,3618,322.914
1263,1264,3,3,3618,100.272
1264,1265,1,1,3618,3.178
1265,1266,1,1,3618,66.614
1266,1267,4,4,3618,46.022
1267,1268,2,2,3618,8.742
1268,1269,5,5,3618,30.836
1269,1270,3,3,3618,88.702
1270,1271,3,3,3618,76.184
1271,1272,3,3,3618,82.14
1272,1273,3,4,3618,6.308
1273,1274,4,4,3618,57.918
1274,1275,1,1,3618,1.594
1275,1276,6,5,3618,25.716
1276,1277,0,3,1,1.0
1277,1278,4,4,3618,29.496
1278,1279,3,4,3618,31.85
1279,1280,4,3,3618,65.104
1280,1281,1,1,3618,4.448
1281,1282,4,4,3618,49.728
1282,1283,4,4,3618,343.53
1283,1284,5,5,3618,58.594
1284,1285,5,5,3618,60.074
1285,1286,0,3,1,1.0
1286,1287,4,4,3618,66.096
1287,1288,5,5,3618,62.8
1288,1289,4,4,3618,366.13
1289,1290,5,4,3618,60.326
1290,1291,1,1,3618,85.8
1291,1292,2,3,3618,556.53
1292,1293,3,3,3618,29.434
1293,1294,2,2,3618,34.798
1294,1295,4,4,3618,120.412
1295,1296,0,1,1,1.0
1296,1297,1,3,3618,1.018
1297,1298,6,5,3618,45.01
1298,1299,2,1,3618,475.218
1299,1300,2,2,3618,209.552
1300,1301,1,2,3618,7.39
1301,1302,3,3,3618,38.228
1302,1303,1,1,3618,383.344
1303,1304,3,3,3618,57.476
1304,1305,3,3,3618,25.756
1305,1306,1,1,3618,554.16
1306,1307,2,4,3618,20.28
1307,1308,4,4,3618,35.908
1308,1309,4,4,3618,52.744
1309,1310,1,3,3618,70.782
1310,1311,1,2,3618,12.532
1311,1312,1,1,3618,314.61
1312,1313,3,4,3618,28.294
1313,1314,5,5,3618,25.39
1314,1315,2,2,3618,335.652
1315,1316,1,1,3618,323.236
1316,1317,2,4,3618,9.92
1317,1318,3,4,3618,42.178
1318,1319,0,1,1,1.0
1319,1320,4,4,3618,48.736
1320,1321,0,4,1,1.0
1321,1322,7,8,3618,358.736
1322,1323,3,2,3618,50.898
1323,1324,4,5,3618,42.198
1324,1325,3,3,3618,76.686
1325,1326,4,4,3618,352.516
1326,1327,4,5,3618,29.208
1327,1328,7,7,3618,202.398
1328,1329,1,1,3618,1.538
1329,1330,1,1,3618,248.268
1330,1331,3,5,3618,66.498
1331,1332,4,4,3618,15.214
1332,1333,3,3,3618,367.948
1333,1334,1,1,3618,147.346
1334,1335,4,5,3618,11.366
1335,1336,5,5,3618,65.236
1336,1337,3,5,3618,25.736
1337,1338,1,1,3618,309.44
1338,1339,4,4,3618,87.558
1339,1340,4,4,3618,47.238
1340,1341,0,2,1,1.0
1341,1342,5,5,3618,47.712
1342,1343,4,4,3618,202.9
1343,1344,1,1,3618,49.388
1344,1345,0,1,1,1.0
1345,1346,5,4,3618,108.764
1346,1347,3,3,3618,333.66
1347,1348,5,5,3618,34.692
1348,1349,4,5,3618,19.076
1349,1350,1,2,3618,176.418
1350,1351,8,5,3618,363.542
1351,1352,3,3,3618,324.018
1352,1353,4,4,3618,40.774
1353,1354,2,2,3618,17.614
1354,1355,2,3,3618,35.986
1355,1356,2,3,3618,86.374
1356,1357,2,2,3618,24.132
1357,1358,2,3,3618,115.514
1358,1359,2,3,3618,37.178
1359,1360,4,4,3618,60.964
1360,1361,3,3,3618,193.692
1361,1362,2,2,3618,230.05
1362,1363,4,4,3618,50.048
1363,1364,2,2,3618,97.668
1364,1365,3,3,3618,28.142
1365,1366,3,3,3618,16.608
1366,1367,5,5,3618,58.918
1367,1368,6,4,3618,644.49
1368,1369,1,1,3618,9.932
1369,1370,5,5,3618,30.63
1370,1371,1,1,3618,343.804
1371,1372,3,4,3618,169.132
1372,1373,2,2,3618,101.87
1373,1374,4,4,3618,159.058
1374,1375,3,3,3618,65.77
1375,1376,5,5,3618,61.714
1376,1377,3,2,3618,323.344
1377,1378,6,4,3618,81.332
1378,1379,7,4,3618,52.0
1379,1380,8,4,3618,250.88
1380,1381,3,3,3618,91.35
1381,1382,3,3,3618,66.968
1382,1383,3,3,3618,86.204
1383,1384,0,1,1,1.0
1384,1385,0,3,1,1.0
1385,1386,9,3,3618,84.626
1386,1387,3,3,3618,28.142
1387,1388,5,7,3618,163.508
1388,1389,1,1,2,1.02
1389,1390,0,4,1,1.0
1390,1391,0,1,1,1.0
1391,1392,2,2,3618,45.034
1392,1393,2,3,3618,14.202
1393,1394,0,1,1,1.0
1394,1395,0,1,1,1.0
1395,1396,1,4,3618,34.378
1396,1397,0,2,1,1.0
1397,1398,2,2,3618,502.512
1398,1399,2,2,3618,41.112
1399,1400,2,2,3618,66.822
1400,1401,6,6,3618,228.922
1401,1402,4,4,3618,25.624
1402,1403,0,1,1,1.0
1403,1404,4,4,3618,45.776
1404,1405,4,4,3618,22.014
1405,1406,0,1,1,1.0
1406,1407,0,2,1,1.0
1407,1408,0,1,1,1.0
1408,1409,4,3,3618,59.078
1409,1410,0,1,1,1.0
1410,1411,0,1,1,1.0
1411,1412,0,1,1,1.0
1412,1413,3,4,3618,24.08
1413,1414,0,1,1,1.0
1414,1415,3,3,3618,43.352
1415,1416,1,1,3618,309.972
1416,1417,4,4,3618,29.152
1417,1418,0,1,1,1.0
1418,1419,3,3,3618,2.292
1419,1420,1,3,3618,4.776
1420,1421,3,3,3618,640.786
1421,1422,1,1,3618,168.684
1422,1423,3,3,3618,19.118
1423,1424,3,3,3618,450.938
1424,1425,1,4,3618,12.574
1425,1426,1,1,3618,98.382
1426,1427,4,4,3618,37.366
1427,1428,4,3,3618,329.818
1428,1429,1,1,3618,33.15
1429,1430,3,4,3618,21.898
1430,1431,3,3,3618,42.086
1431,1432,3,3,3618,12.43
1432,1433,4,4,3618,10.042
1433,1434,1,1,3618,324.704
1434,1435,2,2,3618,3.81
1435,1436,2,2,3618,86.278
1436,1437,5,4,3618,46.116
1437,1438,2,2,3618,86.286
1438,1439,1,2,3618,15.106
1439,1440,4,3,3618,27.962
1440,1441,2,2,3618,7.418
1441,1442,3,3,3618,107.568
1442,1443,2,2,3618,11.614
1443,1444,2,2,3618,575.654
1444,1445,2,2,3618,421.44
1445,1446,2,2,3618,6.54
1446,1447,0,1,1,1.0
1447,1448,3,3,3618,78.566
1448,1449,4,4,3618,53.562
1449,1450,6,3,3618,43.596
1450,1451,2,4,3618,2.442
1451,1452,1,1,3618,103.662
1452,1453,4,4,3618,39.82
1453,1454,2,2,3618,132.258
1454,1455,2,2,3618,633.43
1455,1456,7,4,3618,604.41
1456,1457,4,4,3618,44.872
1457,1458,8,4,3618,644.604
1458,1459,4,4,3618,39.724
1459,1460,2,2,3618,35.176
1460,1461,3,3,3618,38.03
1461,1462,3,3,3618,4.308
1462,1463,2,2,3618,244.82
1463,1464,2,2,3618,5.144
1464,1465,3,3,3618,25.33
1465,1466,2,2,3618,8.818
1466,1467,2,2,3618,6.2
1467,1468,3,3,3618,23.066
1468,1469,1,1,3618,3.616
1469,1470,1,2,3618,20.238
1470,1471,4,4,3618,38.636
1471,1472,5,5,3618,17.82
1472,1473,4,4,3618,49.78
1473,1474,2,2,3618,1.418
1474,1475,4,4,3618,44.59
1475,1476,4,3,3618,41.01
1476,1477,4,4,3618,19.188
1477,1478,3,3,3618,323.292
1478,1479,2,3,3618,8.67
1479,1480,1,1,3618,310.796
1480,1481,2,2,3618,181.366
1481,1482,4,4,3618,57.612
1482,1483,4,4,3618,32.04
1483,1484,4,4,3618,26.774
1484,1485,1,3,3618,8.756
1485,1486,2,2,3618,30.94
1486,1487,5,4,3618,41.18
1487,1488,4,4,3618,34.626
1488,1489,3,3,3618,22.814
1489,1490,3,3,3618,32.034
1490,1491,4,4,3618,47.422
1491,1492,3,3,3618,28.12
1492,1493,2,3,3618,50.34
1493,1494,5,3,3618,89.782
1494,1495,3,3,3618,45.402
1495,1496,2,2,3618,340.17
1496,1497,1,3,3618,2.332
1497,1498,3,3,3618,102.39
1498,1499,0,1,1,1.0
1499,1500,4,4,3618,22.978
1500,1501,2,3,3618,12.672
1501,1502,4,4,3618,53.934
1502,1503,1,1,3618,165.73
1503,1504,1,2,3618,173.14
1504,1505,2,3,3618,47.408
1505,1506,3,2,3618,160.336
1506,1507,2,2,3618,75.162
1507,1508,4,4,3618,32.094
1508,1509,4,4,3618,52.328
1509,1510,2,2,3618,154.45
1510,1511,3,3,3618,20.71
1511,1512,1,2,3618,11.246
1512,1513,5,3,3618,317.624
1513,1514,2,2,3618,51.056
1514,1515,0,1,1,1.0
1515,1516,3,3,3618,101.79
1516,1517,6,5,3618,232.594
1517,1518,4,2,3618,495.238
1518,1519,3,3,3618,119.546
1519,1520,2,1,3618,26.908
1520,1521,1,2,3618,6.224
1521,1522,3,4,3618,38.15
1522,1523,5,3,3618,57.318
1523,1524,3,4,3618,19.092
1524,1525,4,4,3618,342.286
1525,1526,3,3,3618,326.874
1526,1527,2,2,3618,29.202
1527,1528,3,4,3618,91.54
1528,1529,1,1,3618,161.612
1529,1530,3,3,3618,103.632
1530,1531,3,3,3618,187.322
1531,1532,4,2,3618,26.762
1532,1533,2,2,3618,35.634
1533,1534,1,1,3618,171.082
1534,1535,4,4,3618,323.942
1535,1536,5,3,3618,43.248
1536,1537,4,4,3618,19.06
1537,1538,3,3,3618,92.524
1538,1539,2,2,3618,119.986
1539,1540,3,3,3618,15.118
1540,1541,4,3,3618,477.086
1541,1542,3,3,3618,122.692
1542,1543,1,2,3618,2.304
1543,1544,6,4,3618,40.408
1544,1545,1,1,3618,623.538
1545,1546,2,1,3618,82.352
1546,1547,1,1,3618,177.472
1547,1548,2,2,3618,70.72
1548,1549,3,3,3618,16.65
1549,1550,3,3,3618,61.232
1550,1551,1,1,3618,29.316
1551,1552,2,2,3618,16.49
1552,1553,3,4,3618,29.32
1553,1554,2,3,3618,20.418
1554,1555,2,2,3618,93.728
1555,1556,3,3,3618,30.44
1556,1557,3,3,3618,38.602
1557,1558,2,2,3618,339.85
1558,1559,3,3,3618,7.642
1559,1560,4,4,3618,38.46
1560,1561,3,3,3618,50.196
1561,1562,2,4,3618,31.962
1562,1563,1,1,3618,5.04
1563,1564,2,2,3618,38.272
1564,1565,2,1,3618,34.444
1565,1566,3,2,3618,226.62
1566,1567,1,1,3618,318.504
1567,1568,3,4,3618,33.102
1568,1569,2,2,3618,197.34
1569,1570,4,4,3618,109.568
1570,1571,3,2,3618,331.278
1571,1572,1,1,3618,34.768
1572,1573,3,3,3618,107.638
1573,1574,3,4,3618,19.148
1574,1575,2,2,3618,69.342
1575,1576,1,2,3618,26.776
1576,1577,3,3,3618,65.062
1577,1578,3,2,3618,193.02
1578,1579,3,3,3618,42.156
1579,1580,4,4,3618,62.698
1580,1581,2,2,3618,16.524
1581,1582,3,3,3618,30.936
1582,1583,1,1,3618,317.188
1583,1584,1,1,3,1.88
1584,1585,1,1,3618,92.81
1585,1586,5,4,3618,105.126
1586,1587,0,1,1,1.0
1587,1588,4,4,3618,26.388
1588,1589,2,3,3618,60.282
1589,1590,13,3,3618,116.598
1590,1591,0,1,1,1.0
1591,1592,2,2,3618,4.894
1592,1593,1,2,3618,31.582
1593,1594,2,2,3618,34.452
1594,1595,0,1,1,1.0
1595,1596,4,3,3618,156.988
1596,1597,5,3,3618,92.724
1597,1598,0,2,1,1.0
1598,1599,0,2,1,1.0
1599,1600,2,2,3618,32.95
1600,1601,3,3,3618,24.12
1601,1602,1,1,3618,43.62
1602,1603,6,3,3618,37.224
1603,1604,0,1,1,1.0
1604,1605,2,2,3618,177.67
1605,1606,3,2,3618,48.498
1606,1607,2,2,3618,24.32
1607,1608,0,1,1,1.0
1608,1609,0,1,1,1.0
1609,1610,1,2,3618,12.524
1610,1611,4,5,3618,211.104
1611,1612,2,2,3618,16.656
1612,1613,2,2,3618,89.41
1613,1614,2,1,3618,35.796
1614,1615,5,2,3618,12.666
1615,1616,2,2,3618,30.852
1616,1617,1,1,3618,55.092
1617,1618,3,3,3618,8.696
1618,1619,3,3,3618,177.768
1619,1620,2,2,3618,118.14
1620,1621,2,2,3618,26.536
1621,1622,2,3,3618,1.016
1622,1623,2,3,3618,2.324
1623,1624,3,3,3618,7.61
1624,1625,4,3,3618,12.656
1625,1626,2,2,3618,3.618
1626,1627,2,2,3618,23.0
1627,1628,5,3,3618,61.502
1628,1629,4,3,3622,2.42
1629,1630,3,3,3618,4.944
1630,1631,1,1,3618,5.022
1631,1632,2,2,3618,116.242
1632,1633,4,3,3618,12.508
1633,1634,0,2,1,1.0
1634,1635,3,3,3618,18.756
1635,1636,3,3,3618,56.306
1636,1637,0,1,1,1.0
1637,1638,14,13,3618,138.228
1638,1639,2,1,3618,14.438
1639,1640,2,2,3618,31.912
1640,1641,2,2,3618,11.746
1641,1642,3,3,3618,17.686
1642,1643,0,1,1,1.0
1643,1644,2,2,3618,22.91
1644,1645,1,1,3618,4.032
1645,1646,0,3,1,1.0
1646,1647,3,3,3618,22.764
1647,1648,2,2,3618,35.916
1648,1649,4,3,3618,16.372
1649,1650,1,1,3618,82.696
1650,1651,3,2,3618,20.38
1651,1652,2,2,3618,7.368
1652,1653,2,2,3618,27.63
1653,1654,2,3,3618,6.178
1654,1655,1,3,3618,1.012
1655,1656,2,3,3618,3.67
1656,1657,3,3,3618,8.61
1657,1658,4,3,3618,17.686
1658,1659,3,3,3618,29.55
1659,1660,3,3,3618,10.122
1660,1661,3,2,3618,33.484
1661,1662,3,3,3618,8.724
1662,1663,1,1,3618,60.306
1663,1664,1,1,3618,71.76
1664,1665,4,3,3618,29.432
1665,1666,1,2,3618,6.182
1666,1667,2,2,3618,11.48
1667,1668,1,1,3618,26.59
1668,1669,2,2,3618,19.044
1669,1670,1,1,3618,83.308
1670,1671,1,2,3618,3.624
1671,1672,1,1,3618,79.71
1672,1673,2,3,3618,25.696
1673,1674,2,1,3618,337.482
1674,1675,2,2,3618,3.638
1675,1676,2,2,3618,4.912
1676,1677,1,1,3618,3.774
1677,1678,1,1,3618,31.56
1678,1679,0,2,1,1.0
1679,1680,1,2,3618,77.096
1680,1681,1,1,3618,624.208
1681,1682,0,1,1,1.0
1682,1683,4,2,3618,122.43
1683,1684,2,2,3618,15.252
1684,1685,2,2,3618,39.552
1685,1686,3,3,3618,2.276
1686,1687,1,1,3618,2.354
1687,1688,3,2,3618,23.068
1688,1689,3,2,3618,51.14
1689,1690,2,2,3618,17.456
1690,1691,14,16,3618,641.128
1691,1692,2,2,3618,4.978
1692,1693,3,3,3618,11.222
1693,1694,3,3,3618,21.78
1694,1695,3,3,3618,13.852
1695,1696,2,3,3618,1.074
1696,1697,4,3,3618,35.474
1697,1698,2,2,3618,1.034
1698,1699,1,1,3618,74.874
1699,1700,2,3,3618,8.762
1700,1701,3,3,3618,1.044
1701,1702,2,2,3618,68.146
1702,1703,3,2,3618,38.554
1703,1704,2,2,3618,2.352
1704,1705,3,3,3618,40.87
1705,1706,1,1,3618,92.898
1706,1707,0,1,1,1.0
1707,1708,3,3,3618,42.018
1708,1709,3,3,3618,91.01
1709,1710,3,3,3618,9.842
1710,1711,3,3,3618,35.078
1711,1712,1,1,3618,436.576
1712,1713,2,2,3618,26.844
1713,1714,3,3,3618,51.978
1714,1715,4,3,3618,22.904
1715,1716,4,3,3618,24.388
1716,1717,2,2,3618,47.41
1717,1718,4,2,3618,86.392
1718,1719,1,1,3618,13.786
1719,1720,3,3,3618,21.344
1720,1721,2,2,3618,15.156
1721,1722,1,1,3618,59.226
1722,1723,0,1,1,1.0
1723,1724,2,2,3618,336.982
1724,1725,0,1,1,1.0
1725,1726,2,3,3618,2.34
1726,1727,2,2,3618,44.734
1727,1728,1,2,3618,25.278
1728,1729,1,1,3618,67.444
1729,1730,2,2,3618,39.584
1730,1731,3,3,3618,39.334
1731,1732,3,3,3618,265.77
1732,1733,2,2,3618,61.332
1733,1734,3,3,3618,44.954
1734,1735,1,1,3618,73.858
1735,1736,4,3,3618,37.086
1736,1737,3,3,3618,27.902
1737,1738,2,2,3618,20.39
1738,1739,1,1,3618,65.3
1739,1740,5,3,3618,16.57
1740,1741,3,3,3618,42.212
1741,1742,3,3,3618,25.502
1742,1743,1,1,3618,78.338
1743,1744,0,3,1,1.0
1744,1745,1,1,3618,2.416
1745,1746,2,2,3618,74.612
1746,1747,0,1,1,1.0
1747,1748,0,2,1,1.0
1748,1749,2,3,3618,12.468
1749,1750,2,2,3618,21.528
1750,1751,0,2,1,1.0
1751,1752,1,2,3618,4.892
1752,1753,1,3,3618,14.26
1753,1754,3,3,3618,25.448
1754,1755,3,3,3618,47.3
1755,1756,0,1,1,1.0
1756,1757,3,2,3618,39.648
1757,1758,3,3,3618,35.86
1758,1759,1,2,3618,7.538
1759,1760,13,11,3618,94.448
1760,1761,2,2,3618,20.322
1761,1762,5,4,3618,78.414
1762,1763,0,1,1,1.0
1763,1764,3,3,3618,16.488
1764,1765,2,2,3618,25.276
1765,1766,2,3,3618,11.304
1766,1767,3,2,3618,353.478
1767,1768,1,1,3618,84.282
1768,1769,5,3,3618,17.002
1769,1770,2,2,3618,22.962
1770,1771,1,2,3618,30.5
1771,1772,3,2,3618,38.4
1772,1773,1,1,3618,182.458
1773,1774,3,3,3618,22.83
1774,1775,2,2,3618,28.07
1775,1776,4,3,3618,73.392
1776,1777,3,3,3618,46.844
1777,1778,1,3,3618,19.008
1778,1779,3,3,3618,33.088
1779,1780,2,2,3618,82.95
1780,1781,2,3,3618,11.33
1781,1782,1,1,3618,67.738
1782,1783,3,3,3618,29.108
1783,1784,3,3,3618,22.934
1784,1785,4,3,3618,44.786
1785,1786,1,2,3618,1.016
1786,1787,1,2,3618,26.938
1787,1788,3,3,3618,36.936
1788,1789,2,2,3618,26.818
1789,1790,2,2,3618,20.57
1790,1791,2,1,3618,92.396
1791,1792,3,3,3618,26.652
1792,1793,2,3,3618,19.104
1793,1794,4,4,3618,30.902
1794,1795,3,3,3618,17.902
1795,1796,3,3,3618,51.202
1796,1797,2,2,3618,41.842
1797,1798,2,2,3618,4.92
1798,1799,1,1,3618,25.51
1799,1800,1,1,3618,70.934
1800,1801,1,1,3618,297.12
1801,1802,2,2,3618,17.714
1802,1803,2,2,3618,19.016
1803,1804,3,3,3618,16.552
1804,1805,2,2,3618,36.834
1805,1806,1,1,3618,469.314
1806,1807,3,3,3618,639.476
1807,1808,4,3,3618,21.64
1808,1809,2,2,3618,37.254
1809,1810,1,1,3618,3.508
1810,1811,7,6,3618,54.148
1811,1812,4,3,3618,34.288
1812,1813,3,3,3618,66.666
1813,1814,2,2,3618,24.194
1814,1815,3,3,3618,25.228
1815,1816,2,2,3618,22.694
1816,1817,1,1,3618,81.414
1817,1818,1,1,3618,64.264
1818,1819,2,2,3618,38.488
1819,1820,2,3,3618,27.942
1820,1821,3,3,3618,23.266
1821,1822,2,3,3618,4.78
1822,1823,1,1,3618,65.316
1823,1824,0,1,1,1.0
1824,1825,1,2,3618,3.514
1825,1826,2,4,3618,7.294
1826,1827,2,1,3618,37.37
1827,1828,3,3,3618,41.292
1828,1829,0,1,1,1.0
1829,1830,5,3,3618,75.768
1830,1831,3,3,3618,8.74
1831,1832,2,2,3618,29.058
1832,1833,3,3,3618,38.122
1833,1834,2,2,3618,42.534
1834,1835,3,3,3618,39.806
1835,1836,2,2,3618,324.026
1836,1837,3,3,3618,55.002
1837,1838,3,3,3618,15.048
1838,1839,2,2,3618,43.966
1839,1840,3,3,3618,24.42
1840,1841,2,2,3618,37.142
1841,1842,2,2,3618,52.602
1842,1843,3,3,3618,38.076
1843,1844,3,2,3618,35.672
1844,1845,1,1,3618,95.16
1845,1846,3,3,3618,18.836
1846,1847,3,3,3618,66.64
1847,1848,2,2,3618,5.006
1848,1849,1,1,3618,352.264
1849,1850,1,1,3618,143.822
1850,1851,2,3,3618,3.586
1851,1852,1,1,3618,25.208
1852,1853,3,3,3618,35.682
1853,1854,2,2,3618,43.662
1854,1855,3,3,3618,23.038
1855,1856,4,4,3618,25.234
1856,1857,2,2,3618,7.586
1857,1858,0,1,1,1.0
1858,1859,3,3,3618,62.828
1859,1860,3,3,3618,59.428
1860,1861,2,2,3618,16.364
1861,1862,1,2,3618,2.328
1862,1863,2,2,3618,46.302
1863,1864,3,3,3618,13.942
1864,1865,1,3,3618,14.95
1865,1866,2,2,3618,30.268
1866,1867,3,3,3618,53.878
1867,1868,5,3,3618,43.354
1868,1869,3,3,3618,1.056
1869,1870,1,1,2,1.022
1870,1871,2,3,3618,56.762
1871,1872,1,1,3618,81.028
1872,1873,4,3,3618,346.862
1873,1874,0,2,1,1.0
1874,1875,3,3,3618,39.812
1875,1876,2,2,3618,49.898
1876,1877,2,2,3618,38.334
1877,1878,3,3,3618,20.502
1878,1879,3,2,3618,59.83
1879,1880,3,3,3618,12.706
1880,1881,2,2,3618,29.14
1881,1882,3,3,3618,17.598
1882,1883,4,4,3618,527.95
1883,1884,3,3,3618,11.478
1884,1885,3,3,3618,32.244
1885,1886,3,3,3618,29.396
1886,1887,2,2,3618,21.894
1887,1888,1,2,3618,4.8
1888,1889,3,3,3618,25.278
1889,1890,1,3,3618,6.214
1890,1891,0,3,1,1.0
1891,1892,1,1,3618,11.99
1892,1893,3,3,3618,16.51
1893,1894,2,1,3618,100.546
1894,1895,5,3,3618,29.33
1895,1896,0,2,1,1.0
1896,1897,1,1,3618,16.6
1897,1898,0,1,1,1.0
1898,1899,0,1,1,1.0
1899,1900,3,3,3618,36.83
1900,1901,1,1,3618,461.308
1901,1902,1,1,3618,12.634
1902,1903,0,2,1,1.0
1903,1904,0,3,1,1.0
1904,1905,0,3,1,1.0
1905,1906,3,3,3618,32.928
1906,1907,1,1,3618,53.584
1907,1908,2,2,3618,16.322
1908,1909,2,2,3618,11.172
1909,1910,1,2,3618,6.184
1910,1911,1,1,3618,39.336
1911,1912,1,1,3618,13.878
1912,1913,1,1,3618,34.308
1913,1914,3,2,3618,16.4
1914,1915,3,2,3618,365.196
1915,1916,3,2,3618,7.152
1916,1917,2,2,3618,25.398
1917,1918,5,2,3618,21.678
1918,1919,1,2,3618,12.516
1919,1920,2,2,3618,17.446
1920,1921,9,8,3618,237.366
1921,1922,2,2,3618,21.262
1922,1923,2,2,3618,16.464
1923,1924,1,2,3618,4.8
1924,1925,1,1,3618,27.746
1925,1926,2,1,3618,30.722
1926,1927,1,2,3618,2.228
1927,1928,2,2,3618,19.04
1928,1929,1,2,3,1.028
1929,1930,3,2,3618,17.9
1930,1931,4,2,3618,10.154
1931,1932,2,2,3618,17.816
1932,1933,0,2,1,1.0
1933,1934,0,1,1,1.0
1934,1935,2,2,3618,193.77
1935,1936,2,2,3618,10.138
1936,1937,1,1,3618,6.276
1937,1938,2,2,3618,11.188
1938,1939,1,1,3618,38.122
1939,1940,1,1,3618,10.08
1940,1941,1,2,3618,7.57
1941,1942,2,2,3618,11.468
1942,1943,0,2,1,1.0
1943,1944,1,1,3618,4.78
1944,1945,0,1,1,1.0
1945,1946,3,2,3618,35.892
1946,1947,2,2,3618,17.88
1947,1948,1,1,3618,31.58
1948,1949,2,2,3622,1.026
1949,1950,2,2,3622,1.04
1950,1951,2,2,3618,24.19
1951,1952,1,1,3618,71.726
1952,1953,1,1,3618,25.758
1953,1954,1,2,3618,1.02
1954,1955,2,2,3618,14.066
1955,1956,2,2,3618,7.666
1956,1957,3,2,3618,29.43
1957,1958,1,1,3618,1.138
1958,1959,1,2,3618,10.074
1959,1960,2,2,3618,2.312
1960,1961,0,1,1,1.0
1961,1962,2,2,3618,1.116
1962,1963,2,1,3618,12.798
1963,1964,1,2,3618,2.232
1964,1965,2,2,3618,17.604
1965,1966,1,1,3618,30.214
1966,1967,2,2,3618,13.828
1967,1968,1,1,3618,10.212
1968,1969,2,2,3618,7.452
1969,1970,2,2,3618,13.926
1970,1971,2,2,3618,12.808
1971,1972,1,1,3618,2.492
1972,1973,2,2,3618,17.71
1973,1974,2,2,3618,8.792
1974,1975,2,2,3618,26.922
1975,1976,2,2,3,1.05
1976,1977,2,2,3618,11.316
1977,1978,3,2,3618,2.312
1978,1979,0,2,1,1.0
1979,1980,1,1,3618,12.546
1980,1981,2,2,3618,12.548
1981,1982,2,1,3618,50.68
1982,1983,1,1,3618,35.666
1983,1984,2,2,3618,15.216
1984,1985,2,2,3618,3.628
1985,1986,0,2,1,1.0
1986,1987,0,2,1,1.0
1987,1988,2,2,3618,15.358
1988,1989,3,2,3618,13.986
1989,1990,1,1,3618,639.87
1990,1991,1,1,3618,2.444
1991,1992,2,2,3618,12.708
1992,1993,0,2,1,1.0
1993,1994,2,2,3618,12.782
1994,1995,1,1,3618,32.02
1995,1996,1,1,3618,35.782
1996,1997,1,2,3618,19.022
1997,1998,2,2,3618,20.266
1998,1999,2,2,3618,7.384
1999,2000,2,2,3618,6.136
2000,2001,3,2,3618,334.932
2001,2002,1,1,3618,37.022
2002,2003,1,1,3618,53.446
2003,2004,2,2,3618,3.568
2004,2005,2,2,3618,22.958
2005,2006,1,1,3618,640.582
2006,2007,2,2,3618,11.312
2007,2008,2,2,3618,6.378
2008,2009,3,2,3618,20.642
2009,2010,2,2,3618,1.148
2010,2011,2,2,3618,2.428
2011,2012,2,2,3618,12.57
2012,2013,1,2,3618,1.016
2013,2014,2,2,3618,16.494
2014,2015,0,1,1,1.0
2015,2016,1,1,3618,36.928
2016,2017,1,1,3618,31.856
2017,2018,0,1,1,1.0
2018,2019,2,2,3618,10.174
2019,2020,1,1,3618,1.024
2020,2021,0,1,1,1.0
2021,2022,1,1,3618,75.924
2022,2023,0,1,1,1.0
2023,2024,0,1,1,1.0
2024,2025,1,1,3618,38.248
2025,2026,1,1,3618,6.204
2026,2027,1,2,3618,2.304
2027,2028,1,1,3618,65.032
2028,2029,2,2,3618,17.61
2029,2030,1,1,3618,6.272
2030,2031,2,2,3618,29.368
2031,2032,2,2,3618,1.058
2032,2033,1,1,3618,4.912
2033,2034,1,1,3618,14.982
2034,2035,0,1,1,1.0
2035,2036,0,1,1,1.0
2036,2037,2,2,3618,637.996
2037,2038,2,2,3618,20.096
2038,2039,1,1,3618,2.43
2039,2040,1,1,3618,3.666
2040,2041,3,2,3618,20.306
2041,2042,1,1,3618,23.078
2042,2043,2,2,3618,60.248
2043,2044,1,1,3618,4.95
2044,2045,3,2,3618,11.34
2045,2046,1,2,3618,638.218
2046,2047,0,1,1,1.0
2047,2048,1,2,3618,3.596
2048,2049,1,1,3618,42.1
2049,2050,1,2,3618,2.252
2050,2051,1,1,3618,8.838
2051,2052,1,1,3618,30.914
2052,2053,2,2,3618,15.158
2053,2054,1,2,3618,1.018
2054,2055,1,1,3618,1.068
2055,2056,1,1,3618,1.066
2056,2057,1,1,3618,2.45
2057,2058,1,1,3618,1.062
2058,2059,1,1,3618,1.044
2059,2060,1,1,3618,1.188
2060,2061,1,1,3618,1.084
2061,2062,1,1,3618,2.57
2062,2063,1,1,3618,1.018
2063,2064,2,2,3618,25.34
2064,2065,3,2,3618,11.406
2065,2066,2,2,3618,32.314
2066,2067,1,2,3618,1.008
2067,2068,4,2,3618,12.718
2068,2069,3,2,3618,21.692
2069,2070,1,1,3618,642.004
2070,2071,2,2,3618,11.42
2071,2072,1,1,3618,20.808
2072,2073,1,1,3618,3.53
2073,2074,2,1,3618,19.058
2074,2075,0,1,1,1.0
2075,2076,1,1,3618,1.122
2076,2077,1,2,3618,1.028
2077,2078,0,2,1,1.0
2078,2079,2,2,3618,12.59
2079,2080,1,1,3618,13.97
2080,2081,1,2,3618,1.134
2081,2082,2,2,3618,15.768
2082,2083,2,2,3618,17.762
2083,2084,1,2,3618,1.022
2084,2085,1,1,3618,3.604
2085,2086,2,2,3618,29.362
2086,2087,2,2,3618,8.668
2087,2088,0,2,1,1.0
2088,2089,2,2,3618,1.036
2089,2090,5,2,3618,32.048
2090,2091,2,2,3618,11.11
2091,2092,2,2,3618,10.022
2092,2093,2,2,3618,22.75
2093,2094,1,2,3618,9.85
2094,2095,1,1,3618,1.03
2095,2096,1,2,3618,6.104
2096,2097,2,2,3618,12.65
2097,2098,2,2,3618,36.176
2098,2099,2,2,3618,32.114
2099,2100,2,2,3618,5.214
2100,2101,2,2,3618,11.218
2101,2102,2,2,3618,21.474
2102,2103,2,2,3618,18.908
2103,2104,2,2,3618,6.386
2104,2105,2,2,3618,31.606
2105,2106,2,2,3618,22.93
2106,2107,1,1,3618,12.798
2107,2108,2,2,3618,11.504
2108,2109,3,2,3618,15.368
2109,2110,1,1,3618,2.272
2110,2111,2,2,3618,638.22
2111,2112,2,2,3618,21.592
2112,2113,1,1,3618,35.7
2113,2114,1,1,3618,25.126
2114,2115,1,1,3618,3.592
2115,2116,1,1,3618,92.868
2116,2117,2,2,3618,16.678
2117,2118,3,2,3618,47.374
2118,2119,1,2,3618,10.274
2119,2120,1,1,3618,31.92
2120,2121,1,2,3618,7.414
2121,2122,2,2,3618,36.95
2122,2123,2,2,3618,7.526
2123,2124,2,2,3618,53.554
2124,2125,1,1,3618,84.34
2125,2126,2,2,3618,24.272
2126,2127,2,2,3618,21.656
2127,2128,2,2,3618,24.044
2128,2129,2,2,3618,18.986
2129,2130,1,1,3618,3.638
2130,2131,1,1,3618,1.04
2131,2132,1,2,3618,15.224
2132,2133,0,1,1,1.0
2133,2134,0,2,1,1.0
2134,2135,2,2,3618,34.196
2135,2136,1,2,3618,12.698
2136,2137,1,1,3618,12.48
2137,2138,1,2,3618,11.228
2138,2139,2,2,3618,58.824
2139,2140,1,2,3618,9.974
2140,2141,0,2,1,1.0
2141,2142,2,2,3618,26.804
2142,2143,2,2,3618,22.98
2143,2144,1,2,3618,7.402
2144,2145,2,2,3618,25.31
2145,2146,3,2,3618,15.294
2146,2147,2,2,3618,29.312
2147,2148,2,2,3618,9.904
2148,2149,3,2,3618,325.704
2149,2150,2,2,3618,23.03
2150,2151,1,2,3618,15.158
2151,2152,3,2,3618,52.662
2152,2153,2,2,3618,27.03
2153,2154,1,1,3618,220.442
2154,2155,2,2,3618,40.466
2155,2156,1,1,3618,21.712
2156,2157,2,2,3618,21.414
2157,2158,1,1,3618,11.298
2158,2159,1,2,3618,7.472
2159,2160,1,1,3618,26.604
2160,2161,1,1,3618,19.008
2161,2162,1,1,3618,7.59
2162,2163,1,2,3618,24.25
2163,2164,1,1,3618,8.97
2164,2165,1,1,3618,34.488
2165,2166,1,2,3618,15.398
2166,2167,2,2,3618,39.748
2167,2168,2,2,3618,18.904
2168,2169,2,2,3618,8.8
2169,2170,1,1,3618,55.056
2170,2171,2,2,3618,492.028
2171,2172,2,2,3618,29.474
2172,2173,2,2,3618,20.286
2173,2174,2,2,3618,82.492
2174,2175,2,2,3618,15.188
2175,2176,3,2,3618,30.762
2176,2177,3,2,3618,34.564
2177,2178,2,2,3618,8.844
2178,2179,3,2,3618,156.33
2179,2180,1,2,3618,8.774
2180,2181,1,2,3618,17.904
2181,2182,1,2,3618,2.278
2182,2183,1,2,3618,12.774
2183,2184,1,1,3618,34.59
2184,2185,1,2,3618,15.38
2185,2186,1,1,3618,35.964
2186,2187,1,1,3618,17.82
2187,2188,2,2,3618,16.736
2188,2189,2,2,3618,6.174
2189,2190,1,1,3618,27.9
2190,2191,1,2,3618,12.602
2191,2192,1,1,3618,32.93
2192,2193,2,2,3618,6.206
2193,2194,3,2,3618,20.332
2194,2195,1,1,3618,13.732
2195,2196,2,2,3618,27.016
2196,2197,2,2,3618,11.398
2197,2198,1,2,3618,8.738
2198,2199,2,2,3618,183.456
2199,2200,1,1,3618,31.948
2200,2201,2,1,3618,19.232
2201,2202,3,1,3618,18.826
2202,2203,0,1,1,1.0
2203,2204,2,2,3618,37.138
2204,2205,1,1,3618,12.49
2205,2206,2,2,3618,11.162
2206,2207,2,2,3618,349.772
2207,2208,2,2,3618,28.266
2208,2209,2,2,3618,13.802
2209,2210,2,2,3618,17.578
2210,2211,1,1,3618,316.804
2211,2212,2,2,3618,3.542
2212,2213,2,2,3618,29.46
2213,2214,0,1,1,1.0
2214,2215,2,2,3618,25.396
2215,2216,1,2,3618,10.062
2216,2217,1,2,3618,34.634
2217,2218,1,2,3618,20.16
2218,2219,2,2,3618,8.782
2219,2220,0,1,1,1.0
2220,2221,0,1,1,1.0
2221,2222,1,1,3618,11.272
2222,2223,3,2,3618,21.828
2223,2224,2,2,3618,20.45
2224,2225,3,3,3618,37.866
2225,2226,1,1,3618,16.396
2226,2227,1,1,3618,320.002
2227,2228,1,1,3618,95.402
2228,2229,2,2,3618,31.084
2229,2230,2,2,3618,29.462
2230,2231,2,2,3618,8.678
2231,2232,0,1,1,1.0
2232,2233,1,1,3618,31.96
2233,2234,2,2,3618,8.902
2234,2235,2,2,3618,7.382
2235,2236,1,1,3618,25.32
2236,2237,2,2,3618,25.494
2237,2238,2,2,3618,37.998
2238,2239,1,1,3618,30.524
2239,2240,1,1,3618,34.18
2240,2241,2,2,3618,19.164
2241,2242,1,1,3618,29.6
2242,2243,1,1,3618,12.542
2243,2244,4,2,3618,643.21
2244,2245,2,2,3618,3.51
2245,2246,1,1,3618,29.112
2246,2247,0,2,1,1.0
2247,2248,2,2,3618,3.656
2248,2249,1,1,3618,338.776
2249,2250,2,1,3618,43.192
2250,2251,1,2,3618,1.048
2251,2252,2,2,3618,21.7
2252,2253,2,2,3618,58.668
2253,2254,2,2,3618,16.502
2254,2255,1,2,3618,2.222
2255,2256,1,1,3618,33.342
2256,2257,4,3,3618,44.872
2257,2258,2,2,3618,40.78
2258,2259,1,1,3618,8.718
2259,2260,1,1,3618,48.714
2260,2261,4,2,3618,40.836
2261,2262,1,1,3618,325.102
2262,2263,2,2,3618,27.902
2263,2264,1,1,3618,27.618
2264,2265,2,1,3618,15.036
2265,2266,1,2,3618,11.632
2266,2267,2,2,3618,21.674
2267,2268,2,2,3618,640.694
2268,2269,2,2,3618,13.838
2269,2270,2,2,3618,24.23
2270,2271,2,2,3618,41.0
2271,2272,2,2,3618,26.74
2272,2273,0,2,1,1.0
2273,2274,2,2,3618,7.342
2274,2275,1,1,3618,330.912
2275,2276,2,2,3618,24.106
2276,2277,1,1,3618,69.396
2277,2278,3,2,3618,44.498
2278,2279,1,2,3618,18.994
2279,2280,2,4,3618,220.936
2280,2281,2,2,3618,13.926
2281,2282,1,1,3618,72.902
2282,2283,1,1,3618,24.244
2283,2284,2,1,3618,108.194
2284,2285,2,2,3618,13.574
2285,2286,2,2,3618,15.21
2286,2287,1,2,3618,52.208
2287,2288,0,1,1,1.0
2288,2289,2,2,3618,93.782
2289,2290,1,2,3618,9.956
2290,2291,1,1,3618,41.482
2291,2292,3,2,3618,8.714
2292,2293,8,4,3618,134.66
2293,2294,0,1,1,1.0
2294,2295,1,1,3618,11.318
2295,2296,0,1,1,1.0
2296,2297,2,2,3618,23.03
2297,2298,2,2,3618,9.992
2298,2299,3,2,3618,29.882
2299,2300,1,1,3618,33.062
2300,2301,2,2,3618,17.958
2301,2302,2,2,3618,24.42
2302,2303,1,1,3618,15.382
2303,2304,2,2,3618,16.24
2304,2305,2,2,3618,16.4
2305,2306,1,1,3618,11.134
2306,2307,0,1,1,1.0
2307,2308,2,2,3618,19.092
2308,2309,2,1,3618,13.912
2309,2310,2,2,3618,21.156
2310,2311,2,2,3618,21.69
2311,2312,0,2,1,1.0
2312,2313,0,1,1,1.0
2313,2314,1,2,3618,13.698
2314,2315,2,2,3618,27.946
2315,2316,1,1,3618,2.368
2316,2317,2,1,3618,43.382
2317,2318,2,2,3618,29.024
2318,2319,1,1,3618,39.606
2319,2320,3,2,3618,44.838
2320,2321,1,1,3618,20.376
2321,2322,1,1,3618,31.926
2322,2323,1,1,3618,30.546
2323,2324,2,2,3618,26.62
2324,2325,2,2,3618,11.358
2325,2326,1,1,3618,30.53
2326,2327,0,1,1,1.0
2327,2328,3,2,3618,354.872
2328,2329,1,1,3618,28.286
2329,2330,3,2,3618,203.238
2330,2331,1,2,3618,78.48
2331,2332,2,2,3618,24.404
2332,2333,2,2,3618,102.992
2333,2334,2,2,3618,107.608
2334,2335,2,2,3618,11.288
2335,2336,53,34,3618,632.55
2336,2337,1,1,3618,40.646
2337,2338,1,2,3618,6.134
2338,2339,1,1,3618,7.528
2339,2340,2,2,3618,18.896
2340,2341,1,1,3618,12.568
2341,2342,2,2,3618,27.894
2342,2343,1,1,3618,1.022
2343,2344,1,2,3618,10.148
2344,2345,1,1,3618,2.38
2345,2346,1,1,3618,337.036
2346,2347,1,1,3618,17.644
2347,2348,1,1,3618,74.03
2348,2349,1,1,3618,1.036
2349,2350,2,2,3618,13.964
2350,2351,1,2,3618,1.02
2351,2352,2,2,3618,26.508
2352,2353,1,1,3618,30.622
2353,2354,3,3,3618,13.772
2354,2355,1,2,3618,10.172
2355,2356,2,2,3618,12.536
2356,2357,2,2,3618,265.928
2357,2358,2,2,3618,11.174
2358,2359,1,1,3618,10.332
2359,2360,1,2,3618,2.338
2360,2361,2,2,3618,7.61
2361,2362,2,2,3618,16.622
2362,2363,2,2,3618,6.236
2363,2364,2,2,3618,22.058
2364,2365,1,1,3618,11.256
2365,2366,1,1,3618,13.592
2366,2367,0,1,1,1.0
2367,2368,0,2,1,1.0
2368,2369,7,8,3618,106.352
2369,2370,2,2,3618,12.524
2370,2371,3,2,3618,34.456
2371,2372,2,2,3618,28.058
2372,2373,2,2,3618,23.168
2373,2374,2,2,3618,25.524
2374,2375,1,2,3618,11.386
2375,2376,2,1,3618,39.856
2376,2377,2,2,3618,28.204
2377,2378,2,2,3618,78.576
2378,2379,1,1,3618,613.518
2379,2380,5,2,3618,68.604
2380,2381,2,2,3618,29.33
2381,2382,1,1,3618,28.132
2382,2383,1,2,3618,2.4
2383,2384,1,2,3618,16.496
2384,2385,1,1,3618,81.714
2385,2386,2,2,3618,325.004
2386,2387,3,2,3618,64.208
2387,2388,2,2,3618,16.51
2388,2389,1,2,3618,321.83
2389,2390,2,2,3618,1.04
2390,2391,2,2,3618,24.264
2391,2392,1,1,3618,29.258
2392,2393,2,2,3618,1.194
2393,2394,2,2,3618,9.758
2394,2395,3,3,3618,34.618
2395,2396,1,2,3618,13.86
2396,2397,2,3,3618,12.616
2397,2398,4,2,3618,15.216
2398,2399,2,2,3618,13.79
2399,2400,1,1,3618,17.822
2400,2401,2,2,3618,95.102
2401,2402,1,2,3618,4.798
2402,2403,1,1,3618,141.302
2403,2404,1,1,3618,167.56
2404,2405,3,2,3618,28.292
2405,2406,2,2,3618,20.002
2406,2407,2,2,3618,17.792
2407,2408,0,3,1,1.0
2408,2409,1,1,3618,43.856
2409,2410,3,2,3618,28.168
2410,2411,0,2,1,1.0
2411,2412,1,2,3618,8.856
2412,2413,0,2,1,1.0
2413,2414,1,1,3618,636.936
2414,2415,1,2,3618,16.448
2415,2416,0,2,1,1.0
2416,2417,8,2,3618,81.142
2417,2418,2,2,3618,21.59
2418,2419,0,2,1,1.0
2419,2420,0,1,1,1.0
2420,2421,2,1,3618,47.634
2421,2422,0,2,1,1.0
2422,2423,0,1,1,1.0
2423,2424,0,1,1,1.0
2424,2425,0,1,1,1.0
2425,2426,2,2,3618,19.214
2426,2427,2,2,3618,18.98
2427,2428,0,2,1,1.0
2428,2429,0,2,1,1.0
2429,2430,3,2,3618,6.128
2430,2431,0,2,1,1.0
2431,2432,0,2,1,1.0
2432,2433,0,2,1,1.0
2433,2434,2,2,3618,33.32
2434,2435,0,1,1,1.0
2435,2436,4,1,3618,152.326
2436,2437,0,2,1,1.0
2437,2438,1,1,3618,9.922
2438,2439,1,1,3618,12.508
2439,2440,1,1,3618,1.032
2440,2441,0,1,1,1.0
2441,2442,1,1,3618,12.578
2442,2443,2,1,3618,26.852
2443,2444,0,1,1,1.0
2444,2445,1,1,3618,641.916
2445,2446,1,1,3618,18.882
2446,2447,1,1,3618,9.976
2447,2448,1,1,3618,11.342
2448,2449,0,1,1,1.0
2449,2450,1,1,3618,1.016
2450,2451,1,1,3618,12.724
2451,2452,1,1,3618,6.244
2452,2453,1,1,3618,14.08
2453,2454,1,1,3618,13.918
2454,2455,0,1,1,1.0
2455,2456,1,1,3618,7.416
2456,2457,1,1,3618,2.356
2457,2458,1,1,3618,2.298
2458,2459,1,1,3618,11.334
2459,2460,1,1,3618,6.072
2460,2461,1,1,3618,3.676
2461,2462,1,1,3618,301.452
2462,2463,1,1,3618,1.012
2463,2464,1,1,3618,16.352
2464,2465,1,1,3618,13.462
2465,2466,1,1,3618,6.268
2466,2467,1,1,3618,8.622
2467,2468,1,1,3618,7.332
2468,2469,1,1,3618,8.782
2469,2470,1,1,3618,2.376
2470,2471,1,1,3618,7.524
2471,2472,2,1,3618,54.994
2472,2473,1,1,3618,12.632
2473,2474,1,1,3618,6.346
2474,2475,1,1,3618,6.314
2475,2476,1,1,3618,12.714
2476,2477,1,1,3618,2.302
2477,2478,1,1,3618,4.864
2478,2479,2,1,3618,27.766
2479,2480,1,1,3618,6.192
2480,2481,2,1,3618,17.752
2481,2482,1,1,3618,9.898
2482,2483,1,1,3618,23.154
2483,2484,1,1,3618,4.812
2484,2485,1,1,3618,14.942
2485,2486,1,1,3618,11.318
2486,2487,1,1,3618,2.262
2487,2488,1,1,3618,17.862
2488,2489,1,1,3618,1.016
2489,2490,1,1,3618,9.938
2490,2491,1,1,3618,8.782
2491,2492,1,1,3618,29.396
2492,2493,1,1,3618,1.012
2493,2494,1,1,3618,1.02
2494,2495,1,1,3618,1.03
2495,2496,0,1,1,1.0
2496,2497,1,1,3618,16.524
2497,2498,1,1,3618,7.474
2498,2499,1,1,3618,13.694
2499,2500,1,1,3618,7.568
2500,2501,1,1,3618,2.344
2501,2502,1,1,3618,11.244
2502,2503,1,1,3618,8.61
2503,2504,1,1,3618,1.05
2504,2505,1,1,3618,1.016
2505,2506,2,1,3618,8.978
2506,2507,1,1,3618,11.5
2507,2508,1,1,3618,2.192
2508,2509,1,1,3618,252.062
2509,2510,2,1,3618,249.638
2510,2511,1,1,3618,8.602
2511,2512,1,1,3618,6.192
2512,2513,1,1,3618,1.024
2513,2514,1,1,3618,8.858
2514,2515,1,1,3618,6.132
2515,2516,1,1,3618,1.016
2516,2517,1,1,3618,1.022
2517,2518,1,1,3618,4.768
2518,2519,1,1,3618,5.934
2519,2520,1,1,3618,6.234
2520,2521,1,1,3618,8.668
2521,2522,1,1,3618,7.312
2522,2523,1,1,3618,4.838
2523,2524,1,1,3618,10.098
2524,2525,1,1,3618,4.99
2525,2526,1,1,3618,466.79
2526,2527,2,1,3618,25.662
2527,2528,1,1,3618,10.144
2528,2529,2,1,3618,2.028
2529,2530,1,1,3618,3.576
2530,2531,1,1,3618,15.294
2531,2532,1,1,3618,396.696
2532,2533,1,1,3618,2.298
2533,2534,1,1,3618,1.022
2534,2535,1,1,3618,1.058
2535,2536,1,1,3618,1.016
2536,2537,1,1,3618,4.93
2537,2538,1,1,3618,6.164
2538,2539,1,1,3618,1.018
2539,2540,1,1,3618,1.02
2540,2541,1,1,3618,639.45
2541,2542,1,1,3618,1.008
2542,2543,1,1,3618,8.78
2543,2544,1,1,3618,11.514
2544,2545,1,1,3618,13.8
2545,2546,1,1,3618,3.616
2546,2547,1,1,3618,11.148
2547,2548,1,1,3618,1.022
2548,2549,1,1,3618,9.996
2549,2550,0,1,1,1.0
2550,2551,0,1,1,1.0
2551,2552,2,1,3618,66.526
2552,2553,1,1,3618,3.554
2553,2554,1,1,3618,6.094
2554,2555,2,1,3618,2.358
2555,2556,1,1,3618,12.404
2556,2557,1,1,3618,12.552
2557,2558,1,1,3618,9.874
2558,2559,1,1,3618,12.768
2559,2560,1,1,3618,3.632
2560,2561,2,1,3618,11.48
2561,2562,1,1,3618,1.034
2562,2563,0,1,1,1.0
2563,2564,1,1,3618,10.046
2564,2565,1,1,3618,14.028
2565,2566,1,1,3618,17.624
2566,2567,1,1,3618,1.018
2567,2568,1,1,3618,17.784
2568,2569,1,1,3618,3.554
2569,2570,1,1,3618,11.366
2570,2571,0,1,1,1.0
2571,2572,1,1,3618,12.44
2572,2573,1,1,3618,1.07
2573,2574,1,1,3618,6.146
2574,2575,1,1,3618,12.49
2575,2576,1,1,3618,15.062
2576,2577,2,1,3618,12.778
2577,2578,1,1,3,1.014
2578,2579,2,1,3618,12.57
2579,2580,2,1,3618,277.34
2580,2581,1,1,3618,8.68
2581,2582,1,1,3618,12.384
2582,2583,2,1,3618,78.742
2583,2584,1,1,3618,6.234
2584,2585,1,1,3618,11.328
2585,2586,1,1,3618,26.706
2586,2587,1,1,3618,1.036
2587,2588,1,1,3618,2.218
2588,2589,1,1,3618,16.256
2589,2590,1,1,3618,12.598
2590,2591,1,1,3618,8.878
2591,2592,1,1,3618,1.024
2592,2593,1,1,3618,2.234
2593,2594,1,1,3618,13.768
2594,2595,1,1,3618,7.42
2595,2596,1,1,3618,7.26
2596,2597,0,1,1,1.0
2597,2598,1,1,3618,2.246
2598,2599,2,1,3618,2.43
2599,2600,1,1,3618,1.014
2600,2601,1,1,3618,6.142
2601,2602,1,1,3618,320.99
2602,2603,1,1,3618,6.22
2603,2604,1,1,3618,16.598
2604,2605,0,1,1,1.0
2605,2606,1,1,3618,11.39
2606,2607,1,1,3618,17.932
2607,2608,0,1,1,1.0
2608,2609,1,1,3618,34.93
2609,2610,1,1,3618,33.214
2610,2611,1,1,3618,333.066
2611,2612,1,1,3618,1.008
2612,2613,1,1,3618,1.022
2613,2614,0,1,1,1.0
2614,2615,1,1,3618,172.848
2615,2616,1,1,3618,1.078
2616,2617,1,1,3618,1.07
2617,2618,1,1,3618,12.58
2618,2619,0,1,1,1.0
2619,2620,1,1,3618,11.072
2620,2621,1,1,3618,1.026
2621,2622,1,1,3618,10.018
2622,2623,1,1,3618,19.232
2623,2624,0,1,1,1.0
2624,2625,1,1,3618,11.404
2625,2626,1,1,3618,638.374
2626,2627,1,1,3618,2.274
2627,2628,1,1,3618,10.14
2628,2629,1,1,3618,6.174
2629,2630,1,1,3618,11.662
2630,2631,2,1,3618,21.676
2631,2632,0,1,1,1.0
2632,2633,0,1,1,1.0
2633,2634,1,1,2,1.032
2634,2635,0,1,1,1.0
2635,2636,0,1,1,1.0
2636,2637,1,1,3618,10.05
2637,2638,1,1,3618,12.718
2638,2639,1,1,3618,6.13
2639,2640,1,1,3618,1.034
2640,2641,1,1,3618,1.014
2641,2642,1,1,3618,1.07
2642,2643,1,1,3618,3.53
2643,2644,1,1,3618,1.026
2644,2645,1,1,3618,1.016
2645,2646,1,1,3618,1.012
2646,2647,0,1,1,1.0
2647,2648,1,1,3618,13.826
2648,2649,1,1,3618,1.756
2649,2650,1,1,3618,9.994
2650,2651,0,1,1,1.0
2651,2652,1,1,3618,1.02
2652,2653,0,1,1,1.0
2653,2654,1,1,3618,3.49
2654,2655,1,1,3618,2.274
2655,2656,1,1,3618,12.58
2656,2657,0,1,1,1.0
2657,2658,1,1,3618,2.286
2658,2659,1,1,3618,11.25
2659,2660,0,1,1,1.0
2660,2661,1,1,3618,11.176
2661,2662,2,1,3618,11.342
2662,2663,1,1,3618,7.558
2663,2664,1,1,3618,22.84
2664,2665,0,1,1,1.0
2665,2666,1,1,3618,1.042
2666,2667,1,1,3618,12.722
2667,2668,1,1,3618,3.666
2668,2669,1,1,3618,2.252
2669,2670,1,1,3618,11.37
2670,2671,1,1,3618,2.278
2671,2672,1,1,3618,11.328
2672,2673,0,1,1,1.0
2673,2674,1,1,3618,1.036
2674,2675,2,1,3618,12.358
2675,2676,1,1,3618,1.046
2676,2677,1,1,3618,16.548
2677,2678,1,1,3618,13.716
2678,2679,0,1,1,1.0
2679,2680,1,1,3618,1.066
2680,2681,1,1,3618,1.012
2681,2682,1,1,3618,10.022
2682,2683,1,1,3618,9.956
2683,2684,1,1,3618,7.518
2684,2685,1,1,3618,635.72
2685,2686,0,1,1,1.0
2686,2687,1,1,3618,10.118
2687,2688,1,1,3618,8.866
2688,2689,1,1,3618,1.028
2689,2690,1,1,3618,11.136
2690,2691,1,1,3618,2.246
2691,2692,1,1,3618,1.034
2692,2693,1,1,3618,11.15
2693,2694,1,1,3618,7.462
2694,2695,0,1,1,1.0
2695,2696,1,1,3618,638.296
2696,2697,0,1,1,1.0
2697,2698,1,1,3618,16.478
2698,2699,0,1,1,1.0
2699,2700,0,1,1,1.0
2700,2701,1,1,3618,11.138
2701,2702,1,1,3618,8.764
2702,2703,1,1,3618,11.34
2703,2704,1,1,3618,6.204
2704,2705,1,1,3618,1.016
2705,2706,1,1,3618,8.96
2706,2707,0,1,1,1.0
2707,2708,1,1,3618,9.966
2708,2709,0,1,1,1.0
2709,2710,1,1,3618,17.678
2710,2711,1,1,3618,10.158
2711,2712,1,1,3618,2.31
2712,2713,0,1,1,1.0
2713,2714,1,1,3618,10.072
2714,2715,1,1,3618,1.014
2715,2716,1,1,3618,1.012
2716,2717,1,1,3618,7.574
2717,2718,1,1,3618,15.414
2718,2719,1,1,3618,13.976
2719,2720,1,1,3618,12.574
2720,2721,1,1,3618,1.032
2721,2722,2,1,3618,15.512
2722,2723,1,1,3618,25.808
2723,2724,1,1,3618,20.874
2724,2725,1,1,3618,8.74
2725,2726,1,1,3618,1.008
2726,2727,2,1,3618,35.28
2727,2728,1,1,3618,1.006
2728,2729,1,1,3618,7.394
2729,2730,1,1,3618,1.024
2730,2731,1,1,3618,8.692
2731,2732,1,1,3618,2.242
2732,2733,1,1,3618,2.332
2733,2734,1,1,3618,15.328
2734,2735,1,1,3618,1.022
2735,2736,1,1,3618,15.33
2736,2737,1,1,3618,1.014
2737,2738,1,1,3618,17.794
2738,2739,1,1,3618,12.66
2739,2740,0,1,1,1.0
2740,2741,1,1,3618,18.906
2741,2742,1,1,3618,13.854
2742,2743,0,1,1,1.0
2743,2744,0,1,1,1.0
2744,2745,0,1,1,1.0
2745,2746,1,1,3618,8.696
2746,2747,0,1,1,1.0
2747,2748,1,1,3618,312.106
2748,2749,1,1,3618,4.886
2749,2750,0,1,1,1.0
2750,2751,0,1,1,1.0
2751,2752,0,1,1,1.0
2752,2753,1,1,3618,9.028
2753,2754,1,1,3618,34.736
2754,2755,1,1,3618,1.024
2755,2756,1,1,3618,11.284
2756,2757,1,1,3618,1.024
2757,2758,1,1,3618,12.714
2758,2759,1,1,3618,11.392
2759,2760,1,1,3618,10.138
2760,2761,1,1,3618,39.534
2761,2762,1,1,3618,17.46
2762,2763,0,1,1,1.0
2763,2764,0,1,1,1.0
2764,2765,1,1,3618,4.868
2765,2766,0,1,1,1.0
2766,2767,0,1,1,1.0
2767,2768,2,1,3618,33.28
2768,2769,1,1,3618,1.012
2769,2770,1,1,3618,12.574
2770,2771,0,1,1,1.0
2771,2772,0,1,1,1.0
2772,2773,1,1,3618,14.868
2773,2774,0,1,1,1.0
2774,2775,0,1,1,1.0
2775,2776,1,1,3618,12.566
2776,2777,1,1,3618,63.766
2777,2778,1,1,3618,7.376
2778,2779,1,1,3618,16.576
2779,2780,1,1,3618,11.308
2780,2781,1,1,3618,9.93
2781,2782,0,1,1,1.0
2782,2783,0,1,1,1.0
2783,2784,1,1,3618,10.1
2784,2785,1,1,3618,1.014
2785,2786,0,1,1,1.0
2786,2787,1,1,3618,11.276
2787,2788,0,1,1,1.0
2788,2789,1,1,3618,10.216
2789,2790,2,1,3618,12.41
2790,2791,0,1,1,1.0
2791,2792,1,1,3618,12.718
2792,2793,0,1,1,1.0
2793,2794,0,1,1,1.0
2794,2795,1,1,3618,15.294
2795,2796,1,1,3618,6.236
2796,2797,0,1,1,1.0
2797,2798,1,1,3618,10.106
2798,2799,1,1,3618,10.064
2799,2800,1,1,3618,12.506
2800,2801,1,1,3618,11.12
2801,2802,2,1,3618,31.778
2802,2803,1,1,3618,29.316
2803,2804,1,1,3618,9.912
2804,2805,1,1,3618,7.51
2805,2806,1,1,3618,11.372
2806,2807,1,1,3618,543.446
2807,2808,1,1,3618,26.754
2808,2809,1,1,3618,11.266
2809,2810,0,1,1,1.0
2810,2811,1,1,3618,2.346
2811,2812,0,1,1,1.0
2812,2813,0,1,1,1.0
2813,2814,1,1,3618,19.232
2814,2815,1,1,3618,14.998
2815,2816,1,1,3618,11.338
2816,2817,1,1,3618,8.912
2817,2818,1,1,3618,12.448
2818,2819,1,1,3618,79.638
2819,2820,1,1,3618,9.842
2820,2821,2,2,3618,11.38
2821,2822,1,1,3618,6.21
2822,2823,1,1,3618,6.138
2823,2824,1,1,3618,11.174
2824,2825,1,1,3618,7.646
2825,2826,1,1,3618,4.9
2826,2827,0,1,1,1.0
2827,2828,1,2,3618,12.548
2828,2829,1,1,3,1.024
2829,2830,0,1,1,1.0
2830,2831,1,1,3618,6.088
2831,2832,1,1,3618,56.64
2832,2833,1,1,3618,11.108
2833,2834,1,1,3618,8.816
2834,2835,0,1,1,1.0
2835,2836,1,1,3618,4.916
2836,2837,0,1,1,1.0
2837,2838,1,1,3618,4.946
2838,2839,0,1,1,1.0
2839,2840,1,1,3618,14.982
2840,2841,1,1,3618,22.82
2841,2842,1,1,3618,8.67
2842,2843,0,1,1,1.0
2843,2844,3,1,3618,82.98
2844,2845,1,1,3618,28.05
2845,2846,1,1,3618,15.298
2846,2847,1,1,3618,11.36
2847,2848,1,1,3618,9.892
2848,2849,1,1,3618,22.996
2849,2850,1,1,3618,13.958
2850,2851,1,1,3618,29.492
2851,2852,1,1,3618,2.296
2852,2853,3,1,3618,23.032
2853,2854,1,1,3618,18.83
2854,2855,1,1,3618,12.912
2855,2856,1,1,3618,11.392
2856,2857,3,1,3618,42.18
2857,2858,0,1,1,1.0
2858,2859,0,1,1,1.0
2859,2860,1,1,3618,2.302
2860,2861,1,1,3618,10.17
2861,2862,1,1,3618,12.522
2862,2863,1,1,3618,9.948
2863,2864,1,1,3618,4.922
2864,2865,1,1,3618,12.548
2865,2866,1,1,3618,16.584
2866,2867,1,1,3618,16.648
2867,2868,0,1,1,1.0
2868,2869,1,1,3618,18.976
2869,2870,1,1,3618,11.134
2870,2871,1,1,3618,9.784
2871,2872,1,1,3618,7.462
2872,2873,0,1,1,1.0
2873,2874,1,1,3618,8.602
2874,2875,1,1,3618,16.462
2875,2876,1,1,3618,29.334
2876,2877,1,1,3618,2.346
2877,2878,1,1,3618,30.71
2878,2879,1,1,3618,4.85
2879,2880,1,1,3618,19.352
2880,2881,0,1,1,1.0
2881,2882,1,1,3618,1.026
2882,2883,1,1,3618,15.11
2883,2884,1,1,3618,8.802
2884,2885,1,1,3618,1.014
2885,2886,1,1,3618,17.942
2886,2887,1,1,3618,16.608
2887,2888,1,1,3618,2.214
2888,2889,1,1,3618,10.108
2889,2890,1,1,3618,6.048
2890,2891,1,1,3618,7.458
2891,2892,2,1,3618,26.984
2892,2893,1,1,3618,17.664
2893,2894,1,1,3618,10.136
2894,2895,1,1,3618,7.33
2895,2896,0,1,1,1.0
2896,2897,1,1,3618,2.348
2897,2898,0,1,1,1.0
2898,2899,1,1,3618,11.322
2899,2900,1,1,3618,1.018
2900,2901,1,1,3618,7.524
2901,2902,1,1,3618,19.29
2902,2903,0,1,1,1.0
2903,2904,0,1,1,1.0
2904,2905,1,1,3618,620.512
2905,2906,1,1,3618,37.206
2906,2907,1,1,3618,9.966
2907,2908,6,1,3618,39.07
2908,2909,1,1,3618,15.112
2909,2910,1,1,3618,4.918
2910,2911,1,1,3618,4.88
2911,2912,1,1,3618,3.628
2912,2913,1,1,3618,25.074
2913,2914,1,1,3618,24.18
2914,2915,1,1,3618,13.728
2915,2916,1,1,3618,8.904
2916,2917,1,1,3618,15.27
2917,2918,0,1,1,1.0
2918,2919,0,1,1,1.0
2919,2920,0,1,1,1.0
2920,2921,1,1,3618,31.856
2921,2922,1,1,3618,39.798
2922,2923,1,1,3618,17.804
2923,2924,1,1,3618,25.228
2924,2925,2,1,3618,13.872
2925,2926,0,1,1,1.0
2926,2927,1,1,3618,21.53
2927,2928,1,1,3618,10.004
2928,2929,1,1,3618,9.998
2929,2930,1,1,3618,14.0
2930,2931,1,1,3618,19.586
2931,2932,2,1,3618,16.388
2932,2933,1,1,3618,17.63
2933,2934,1,1,3618,3.558
2934,2935,1,1,3618,13.802
2935,2936,1,1,3618,8.81
2936,2937,1,1,3618,3.614
2937,2938,1,1,3618,7.404
2938,2939,1,1,3618,7.534
2939,2940,1,1,3618,1.006
2940,2941,0,1,1,1.0
2941,2942,1,1,3618,31.6
2942,2943,1,1,3618,11.394
2943,2944,1,1,3618,11.122
2944,2945,0,1,1,1.0
2945,2946,0,1,1,1.0
2946,2947,0,1,1,1.0
2947,2948,1,1,3618,15.284
2948,2949,1,1,3618,8.762
2949,2950,1,1,3618,8.782
2950,2951,1,1,3618,7.394
2951,2952,1,1,3618,8.766
2952,2953,0,1,1,1.0
2953,2954,1,1,3618,10.004
2954,2955,1,1,3618,12.728
2955,2956,1,1,3618,6.066
2956,2957,1,1,3618,7.508
2957,2958,1,1,3618,9.89
2958,2959,1,1,3618,6.238
2959,2960,1,1,3618,10.026
2960,2961,1,1,3618,16.262
2961,2962,1,1,3618,9.776
2962,2963,1,1,3618,35.548
2963,2964,0,1,1,1.0
2964,2965,1,1,3618,9.964
2965,2966,1,1,3618,95.148
2966,2967,1,1,3618,17.666
2967,2968,1,1,3618,10.02
2968,2969,1,1,3618,26.876
2969,2970,1,1,3618,9.964
2970,2971,2,1,3618,6.264
2971,2972,2,1,3618,11.274
2972,2973,1,1,3618,20.262
2973,2974,1,1,3618,7.476
2974,2975,0,1,1,1.0
2975,2976,1,1,3618,22.894
2976,2977,1,1,3618,11.278
2977,2978,1,1,3618,19.07
2978,2979,2,1,3618,2.286
2979,2980,1,1,3618,7.26
2980,2981,1,1,3618,38.212
2981,2982,1,1,3618,2.346
2982,2983,1,1,3618,15.154
2983,2984,1,1,3618,11.26
2984,2985,1,1,3618,7.408
2985,2986,1,1,3618,12.606
2986,2987,1,1,3618,15.122
2987,2988,1,1,3618,10.032
2988,2989,0,1,1,1.0
2989,2990,1,1,3618,6.01
2990,2991,1,1,3618,8.578
2991,2992,1,1,3618,12.634
2992,2993,1,1,3618,5.024
2993,2994,1,1,3618,2.292
2994,2995,2,1,3618,640.592
2995,2996,1,1,3618,10.11
2996,2997,0,1,1,1.0
2997,2998,1,1,3618,8.872
2998,2999,0,1,1,1.0
2999,3000,0,1,1,1.0
3000,3001,2,1,3618,48.726
3001,3002,1,1,3618,8.854
3002,3003,1,1,3618,7.318
3003,3004,0,1,1,1.0
3004,3005,1,1,3618,10.16
3005,3006,0,1,1,1.0
3006,3007,2,1,3618,7.426
3007,3008,1,1,3618,2.378
3008,3009,1,1,3618,11.13
3009,3010,1,1,3618,640.636
3010,3011,1,1,3618,10.012
3011,3012,1,1,3618,6.194
3012,3013,0,1,1,1.0
3013,3014,1,1,3618,12.348
3014,3015,1,1,3618,634.63
3015,3016,1,1,3618,15.262
3016,3017,1,1,3618,580.776
3017,3018,1,1,3618,86.08
3018,3019,2,1,3618,36.968
3019,3020,1,1,3618,9.956
3020,3021,1,1,3618,7.562
3021,3022,1,1,3618,14.99
3022,3023,1,1,3618,11.068
3023,3024,0,1,1,1.0
3024,3025,1,1,3618,4.83
3025,3026,1,1,3618,642.0
3026,3027,1,1,3618,16.38
3027,3028,1,1,3618,33.438
3028,3029,1,1,3618,11.502
3029,3030,1,1,3618,1.018
3030,3031,1,1,3618,11.194
3031,3032,1,1,3618,13.924
3032,3033,1,1,3618,7.5
3033,3034,1,1,3618,1.012
3034,3035,4,1,3618,644.124
3035,3036,1,1,3618,12.456
3036,3037,1,1,3618,10.032
3037,3038,1,1,3618,7.498
3038,3039,1,1,3618,13.922
3039,3040,1,1,3618,2.362
3040,3041,2,1,3618,10.612
3041,3042,1,1,3618,12.604
3042,3043,2,1,3618,28.144
3043,3044,0,1,1,1.0
3044,3045,1,1,3618,10.062
3045,3046,1,1,3618,12.56
3046,3047,1,1,3618,8.66
3047,3048,0,1,1,1.0
3048,3049,0,1,1,1.0
3049,3050,1,1,3618,24.082
3050,3051,1,1,3618,12.758
3051,3052,0,1,1,1.0
3052,3053,1,1,3618,2.328
3053,3054,1,1,3618,21.654
3054,3055,1,1,3618,2.282
3055,3056,1,1,3618,18.858
3056,3057,1,1,3618,11.274
3057,3058,1,1,3618,294.332
3058,3059,0,1,1,1.0
3059,3060,1,1,3618,641.936
3060,3061,1,1,3618,17.386
3061,3062,0,1,1,1.0
3062,3063,1,1,3618,12.698
3063,3064,1,1,3618,15.068
3064,3065,0,1,1,1.0
3065,3066,1,1,3618,8.714
3066,3067,1,1,3618,15.234
3067,3068,1,1,3618,11.304
3068,3069,0,1,1,1.0
3069,3070,1,1,3618,26.716
3070,3071,0,1,1,1.0
3071,3072,1,1,3618,11.226
3072,3073,1,1,3618,11.248
3073,3074,1,1,3618,15.086
3074,3075,1,1,3618,66.61
3075,3076,1,1,3618,10.042
3076,3077,1,1,3618,11.064
3077,3078,0,1,1,1.0
3078,3079,1,1,3618,7.256
3079,3080,1,1,3618,17.642
3080,3081,1,1,3618,329.24
3081,3082,1,1,3618,21.42
3082,3083,0,1,1,1.0
3083,3084,0,1,1,1.0
3084,3085,1,1,3618,11.516
3085,3086,0,1,1,1.0
3086,3087,1,1,3618,11.486
3087,3088,2,1,3618,11.322
3088,3089,1,1,3618,8.818
3089,3090,1,1,3618,3.674
3090,3091,0,1,1,1.0
3091,3092,1,1,3618,16.718
3092,3093,1,1,3618,639.376
3093,3094,1,1,3618,31.71
3094,3095,0,1,1,1.0
3095,3096,3,1,3618,140.204
3096,3097,1,1,3618,3.86
3097,3098,1,1,3618,4.906
3098,3099,1,1,3618,11.302
3099,3100,1,1,3618,12.718
3100,3101,0,1,1,1.0
3101,3102,2,1,3618,11.234
3102,3103,0,1,1,1.0
3103,3104,1,1,3618,8.702
3104,3105,1,1,3618,39.492
3105,3106,1,1,3618,12.448
3106,3107,1,1,3618,616.074
3107,3108,1,1,3618,15.126
3108,3109,1,1,3618,1.054
3109,3110,1,1,3618,1.02
3110,3111,1,1,3618,17.69
3111,3112,2,1,3618,17.918
3112,3113,0,1,1,1.0
3113,3114,1,1,3618,24.22
3114,3115,1,1,3618,26.748
3115,3116,1,1,3618,25.572
3116,3117,1,1,3618,22.994
3117,3118,1,1,3618,14.064
3118,3119,1,1,3618,311.39
3119,3120,2,1,3618,6.138
3120,3121,1,1,3618,16.56
3121,3122,1,1,3618,9.966
3122,3123,1,1,3618,17.62
3123,3124,0,1,1,1.0
3124,3125,1,1,3618,15.316
3125,3126,1,1,3618,11.424
3126,3127,1,1,3618,15.098
3127,3128,0,1,1,1.0
3128,3129,0,2,1,1.0
3129,3130,1,1,3618,7.566
3130,3131,1,1,3618,29.266
3131,3132,1,1,3618,7.406
3132,3133,10,7,3618,68.516
3133,3134,4,2,3618,635.676
3134,3135,0,1,1,1.0
3135,3136,0,1,1,1.0
3136,3137,1,1,3618,8.784
3137,3138,1,1,3618,32.406
3138,3139,1,1,3618,15.362
3139,3140,1,1,3618,1.024
3140,3141,1,1,3618,10.272
3141,3142,1,1,3618,26.848
3142,3143,1,1,3618,16.436
3143,3144,1,1,3618,8.668
3144,3145,2,1,3618,20.178
3145,3146,1,1,3618,15.282
3146,3147,1,1,3618,4.896
3147,3148,0,1,1,1.0
3148,3149,1,1,3618,15.124
3149,3150,1,1,3618,12.59
3150,3151,1,1,3618,12.666
3151,3152,0,1,1,1.0
3152,3153,1,1,3618,4.9
3153,3154,1,1,3618,75.816
3154,3155,1,1,3618,10.054
3155,3156,2,1,3618,30.702
3156,3157,1,1,3618,1.028
3157,3158,1,1,3618,26.758
3158,3159,1,1,3618,30.69
3159,3160,1,1,3618,7.554
3160,3161,1,1,3618,15.234
3161,3162,1,1,3618,7.672
3162,3163,0,1,1,1.0
3163,3164,1,1,3618,19.068
3164,3165,1,1,3618,136.666
3165,3166,2,1,3618,25.44
3166,3167,1,1,3618,9.994
3167,3168,1,1,3618,17.764
3168,3169,1,1,3618,4.962
3169,3170,1,1,3618,39.496
3170,3171,1,1,3618,4.782
3171,3172,1,1,3618,12.572
3172,3173,1,1,3618,12.59
3173,3174,0,1,1,1.0
3174,3175,1,1,3618,3.54
3175,3176,1,1,3618,9.814
3176,3177,0,1,1,1.0
3177,3178,3,1,3618,12.638
3178,3179,2,1,3618,319.406
3179,3180,1,1,3618,15.19
3180,3181,1,1,3618,7.398
3181,3182,1,1,3618,13.98
3182,3183,0,1,1,1.0
3183,3184,0,1,1,1.0
3184,3185,1,1,3618,8.448
3185,3186,1,1,2,1.022
3186,3187,1,1,3618,10.146
3187,3188,1,1,3618,2.344
3188,3189,1,1,3618,11.506
3189,3190,1,1,3618,32.138
3190,3191,1,1,3618,13.832
3191,3192,0,1,1,1.0
3192,3193,1,1,3618,15.262
3193,3194,1,1,3618,12.546
3194,3195,0,1,1,1.0
3195,3196,1,1,3618,2.314
3196,3197,1,1,3618,10.01
3197,3198,1,1,3618,89.73
3198,3199,1,1,3618,1.034
3199,3200,1,1,3618,75.798
3200,3201,1,1,3618,4.81
3201,3202,0,1,1,1.0
3202,3203,1,1,3618,13.774
3203,3204,1,1,3618,1.016
3204,3205,1,1,3618,1.014
3205,3206,2,1,3618,23.57
3206,3207,1,1,3618,2.386
3207,3208,0,1,1,1.0
3208,3209,1,1,3618,1.022
3209,3210,1,1,3618,16.546
3210,3211,1,1,3618,13.73
3211,3212,1,1,3618,9.864
3212,3213,1,1,3618,17.794
3213,3214,1,1,3618,6.142
3214,3215,0,1,1,1.0
3215,3216,0,1,1,1.0
3216,3217,0,1,1,1.0
3217,3218,1,1,3618,12.394
3218,3219,0,1,1,1.0
3219,3220,1,1,3618,17.858
3220,3221,1,1,3618,29.402
3221,3222,1,1,3618,21.43
3222,3223,1,1,3618,8.642
3223,3224,0,1,1,1.0
3224,3225,1,1,3618,1.016
3225,3226,1,1,3618,7.41
3226,3227,0,1,1,1.0
3227,3228,0,1,1,1.0
3228,3229,1,1,3618,6.2
3229,3230,1,1,3618,19.194
3230,3231,1,1,3618,12.75
3231,3232,1,1,3618,16.53
3232,3233,1,1,3618,12.722
3233,3234,1,1,3618,13.836
3234,3235,1,1,3618,11.05
3235,3236,1,1,3618,24.156
3236,3237,1,1,3618,3.592
3237,3238,1,1,3618,13.882
3238,3239,1,1,3618,3.586
3239,3240,0,1,1,1.0
3240,3241,1,1,3618,8.686
3241,3242,1,1,3618,1.02
3242,3243,1,1,3618,1.008
3243,3244,1,1,3618,12.652
3244,3245,1,1,3618,83.064
3245,3246,1,1,3618,12.646
3246,3247,0,1,1,1.0
3247,3248,1,1,3618,79.442
3248,3249,1,1,3618,1.016
3249,3250,1,1,3618,6.156
3250,3251,1,1,3618,6.036
3251,3252,1,1,3618,2.286
3252,3253,1,1,3618,16.39
3253,3254,11,9,3618,290.12
3254,3255,0,1,1,1.0
3255,3256,0,1,1,1.0
3256,3257,1,1,3618,11.222
3257,3258,1,1,3618,10.054
3258,3259,0,1,1,1.0
3259,3260,1,1,3618,77.142
3260,3261,1,1,3618,2.35
3261,3262,1,1,3618,11.44
3262,3263,1,1,3618,1.02
3263,3264,1,1,3618,13.914
3264,3265,1,1,3618,1.022
3265,3266,1,1,3618,1.03
3266,3267,2,1,3618,11.326
3267,3268,1,1,3618,2.266
3268,3269,2,1,3618,595.228
3269,3270,1,1,3618,13.868
3270,3271,1,1,2,1.142
3271,3272,0,1,1,1.0
3272,3273,1,1,3618,11.282
3273,3274,2,1,3618,16.378
3274,3275,1,1,3618,8.742
3275,3276,0,1,1,1.0
3276,3277,1,1,3618,5.212
3277,3278,1,1,3618,2.276
3278,3279,1,1,3618,35.814
3279,3280,1,1,3618,11.306
3280,3281,1,1,3618,8.818
3281,3282,1,1,3618,11.28
3282,3283,0,1,1,1.0
3283,3284,0,1,1,1.0
3284,3285,1,1,3618,15.082
3285,3286,1,2,3618,18.938
3286,3287,1,1,3618,1.018
3287,3288,1,1,3618,3.586
3288,3289,1,1,3618,11.254
3289,3290,1,1,3618,25.588
3290,3291,1,1,3618,12.464
3291,3292,1,1,3618,11.25
3292,3293,1,1,3618,8.798
3293,3294,1,1,3618,7.508
3294,3295,0,1,1,1.0
3295,3296,0,1,1,1.0
3296,3297,1,1,3618,16.458
3297,3298,1,1,3618,14.026
3298,3299,2,1,3618,1.026
3299,3300,1,1,3618,33.09
3300,3301,1,1,3618,2.286
3301,3302,0,1,1,1.0
3302,3303,0,1,1,1.0
3303,3304,1,1,3618,21.724
3304,3305,1,1,3618,643.204
3305,3306,1,1,3618,8.838
3306,3307,1,1,3618,41.976
3307,3308,0,1,1,1.0
3308,3309,1,1,3618,8.932
3309,3310,0,1,1,1.0
3310,3311,1,1,3618,2.372
3311,3312,1,1,3618,8.854
3312,3313,0,1,1,1.0
3313,3314,1,1,3618,3.698
3314,3315,2,1,3618,1.042
3315,3316,1,1,3618,17.716
3316,3317,0,1,1,1.0
3317,3318,1,1,3618,8.78
3318,3319,1,1,3618,34.298
3319,3320,1,1,3618,2.32
3320,3321,1,1,3618,10.208
3321,3322,0,1,1,1.0
3322,3323,1,1,3618,9.974
3323,3324,1,1,3618,1.048
3324,3325,1,1,3618,6.182
3325,3326,1,1,3618,4.85
3326,3327,1,1,3618,1.018
3327,3328,1,1,3618,4.81
3328,3329,1,1,3618,327.678
3329,3330,1,1,3618,19.034
3330,3331,2,1,3618,24.234
3331,3332,1,1,3618,8.816
3332,3333,1,1,3618,12.682
3333,3334,1,1,3618,4.942
3334,3335,0,1,1,1.0
3335,3336,1,1,3618,13.992
3336,3337,3,1,3618,511.162
3337,3338,1,1,3618,1.144
3338,3339,0,1,1,1.0
3339,3340,1,1,3618,1.018
3340,3341,1,1,3618,303.664
3341,3342,0,1,1,1.0
3342,3343,1,1,3618,12.572
3343,3344,1,1,3618,4.762
3344,3345,1,1,3618,13.882
3345,3346,1,1,3618,7.454
3346,3347,1,1,3618,15.22
3347,3348,1,1,3618,15.342
3348,3349,0,1,1,1.0
3349,3350,1,1,3618,13.886
3350,3351,0,1,1,1.0
3351,3352,1,1,3618,10.168
3352,3353,1,1,3618,13.898
3353,3354,1,1,3618,15.21
3354,3355,1,1,3618,25.412
3355,3356,1,1,3618,39.684
3356,3357,1,1,3618,3.624
3357,3358,1,1,3618,5.022
3358,3359,1,1,3618,6.22
3359,3360,1,1,3618,8.744
3360,3361,1,1,3618,11.228
3361,3362,1,2,3618,7.342
3362,3363,0,1,1,1.0
3363,3364,1,1,3618,26.76
3364,3365,0,1,1,1.0
3365,3366,1,1,3618,12.472
3366,3367,0,1,1,1.0
3367,3368,1,1,3618,40.864
3368,3369,1,2,2,1.02
3369,3370,0,1,1,1.0
3370,3371,0,1,1,1.0
3371,3372,6,2,3618,74.722
3372,3373,0,1,1,1.0
3373,3374,0,1,1,1.0
3374,3375,1,1,3618,13.978
3375,3376,0,1,1,1.0
3376,3377,0,1,1,1.0
3377,3378,1,1,3618,4.81
3378,3379,1,1,3618,11.434
3379,3380,1,1,3618,8.852
3380,3381,1,1,3618,10.07
3381,3382,0,1,1,1.0
3382,3383,1,2,3618,62.398
3383,3384,3,1,3618,169.092
3384,3385,0,1,1,1.0
3385,3386,1,1,3618,9.0
3386,3387,1,1,3618,13.936
3387,3388,1,1,2,1.528
3388,3389,1,1,3618,11.23
3389,3390,0,1,1,1.0
3390,3391,1,1,3618,12.43
3391,3392,3,1,3618,135.076
3392,3393,0,1,1,1.0
3393,3394,1,1,3618,3.548
3394,3395,0,1,1,1.0
3395,3396,1,1,3618,11.276
3396,3397,0,1,1,1.0
3397,3398,0,1,1,1.0
3398,3399,0,1,1,1.0
3399,3400,0,1,1,1.0
3400,3401,0,1,1,1.0
3401,3402,0,1,1,1.0
3402,3403,1,1,3618,16.5
3403,3404,1,1,3618,8.636
3404,3405,1,1,3618,6.09
3405,3406,1,1,3618,25.562
3406,3407,0,1,1,1.0
3407,3408,1,1,3618,10.102
3408,3409,1,1,3618,2.254
3409,3410,3,1,3618,56.528
3410,3411,0,1,1,1.0
3411,3412,0,1,1,1.0
3412,3413,1,1,3618,6.322
3413,3414,1,1,3618,12.832
3414,3415,1,1,3618,25.188
3415,3416,1,1,3618,8.812
3416,3417,0,1,1,1.0
3417,3418,0,1,1,1.0
3418,3419,1,1,3618,20.026
3419,3420,1,1,3618,10.012
3420,3421,0,1,1,1.0
3421,3422,1,1,3618,7.602
3422,3423,0,1,1,1.0
3423,3424,0,1,1,1.0
3424,3425,0,1,1,1.0
3425,3426,0,1,1,1.0
3426,3427,0,1,1,1.0
3427,3428,4,2,3618,24.572
3428,3429,0,1,1,1.0
3429,3430,0,1,1,1.0
3430,3431,0,1,1,1.0
3431,3432,0,1,1,1.0
3432,3433,0,1,1,1.0
3433,3434,0,1,1,1.0
3434,3435,0,1,1,1.0
3435,3436,0,1,1,1.0
3436,3437,0,1,1,1.0
3437,3438,0,1,1,1.0
3438,3439,0,1,1,1.0
3439,3440,0,1,1,1.0
3440,3441,0,1,1,1.0
3441,3442,0,1,1,1.0
3442,3443,0,2,1,1.0
3443,3444,0,1,1,1.0
3444,3445,0,2,1,1.0
3445,3446,1,1,3618,3.614
3446,3447,1,1,3618,72.7
3447,3448,0,1,1,1.0
3448,3449,0,1,1,1.0
3449,3450,0,1,1,1.0
3450,3451,1,1,3618,297.952
3451,3480,1,0,3619,1.02
3452,3516,4,7,3618,54.008
3453,3774,8,7,3618,166.798
3454,3999,1,0,3619,10.07
3455,4017,1,1,3618,2.392
3456,4057,0,1,1,1.0
3457,4311,1,1,3618,1.006
3458,4721,1,1,3618,9.856
3459,4888,1,0,3619,11.25
3460,4910,0,1,1,1.0
3461,4934,6,6,3618,49.96
3462,5140,1,1,3618,6.194
3463,5342,28,33,3618,538.636
3464,5389,5,4,3618,383.282
3465,5392,1,1,3618,4.814
3466,5415,1,0,2,1.068
3467,5446,0,1,1,1.0
3468,5533,3,4,3618,644.614
3469,5660,1,0,3619,2.426
3470,5679,7,9,3618,163.34
3471,6014,5,0,3619,22.59
3472,6123,1,0,3619,8.722
3473,6131,1,0,3619,8.822
3474,6157,1,0,2,1.016
3475,6166,1,0,2,1.008
3476,6257,1,0,3619,192.488
3477,6290,1,0,3619,9.84
3478,6317,1,0,3619,6.108
3479,6336,1,0,2,1.018
3480,6369,7,6,3618,88.73
3481,6434,1,0,3619,11.346
3482,6644,1,0,3619,10.04
3483,6667,1,0,3619,9.878
3484,6736,1,0,3619,87.282
3485,6786,1,0,3619,12.612
3486,6792,1,1,3,2.496
3487,6878,2,1,3618,124.758
3488,6921,0,1,1,1.0
3489,6958,1,0,3619,627.304
3490,7063,1,0,3619,13.95
3491,7087,10,0,3619,124.31
3492,7126,1,0,3619,8.842
3493,7161,1,1,3618,42.23
3494,7163,1,0,2,1.522
3495,7188,1,0,3619,643.292
3496,7198,1,0,3619,2.386
3497,7230,1,0,3619,1.008
3498,7273,1,1,3618,3.588
3499,7310,0,1,1,1.0
3500,7312,0,1,1,1.0
3501,7321,0,1,1,1.0
3502,7325,0,1,1,1.0
3503,7327,2,8,3618,2.292
3504,7328,6,7,3618,87.112
3505,7333,1,0,3619,7.576
3506,7334,7,9,3618,644.008
3507,7335,17,5,3618,646.734
3508,7336,2,2,3618,644.498
3509,7337,3,0,3619,640.702
3510,7340,1,1,3618,7.372
3511,7341,9,9,3618,67.752
3512,7369,1,1,3618,8.692
3513,7371,6,6,3618,37.228
3514,7372,7,7,3618,75.092
3515,7373,8,8,3618,28.544
3516,7374,3,3,3618,1.132
3517,7375,7,4,3618,38.294
3518,7377,3,2,3618,61.45
3519,7378,0,1,1,1.0
3520,7379,0,1,1,1.0
3521,7380,7,5,3618,635.016
3522,7385,0,1,1,1.0
3523,7386,11,1,3618,344.89
3524,7387,2,3,3618,22.852
3525,7388,2,3,3618,619.238
3526,7389,4,6,3618,11.5
3527,7390,7,7,3618,606.216
3528,7391,3,2,3618,31.878
3529,7392,0,1,1,1.0
3530,7393,0,1,1,1.0
3531,7394,7,5,3618,76.962
3532,7395,0,2,1,1.0
3533,7396,0,1,1,1.0
3534,7397,5,5,3618,126.882
3535,7398,4,6,3618,55.23
3536,7400,4,6,3618,252.002
3537,7401,0,2,1,1.0
3538,7402,3,4,3618,22.892
3539,7403,6,3,3618,643.142
3540,7406,3,3,3618,74.502
3541,7409,0,1,1,1.0
3542,7410,7,4,3618,121.64
3543,7411,3,4,3618,23.076
3544,7412,4,4,3618,33.184
3545,7413,3,3,3622,1.064
3546,7414,0,1,1,1.0
3547,7415,2,8,3618,14.152
3548,7416,5,2,3618,1.918
3549,7417,2,2,3,2.274
3550,7418,1,1,3618,7.564
3551,7419,5,1,3618,547.362
3552,7420,2,2,3618,638.118
3553,7421,1,1,3618,68.982
3554,7422,1,0,3619,4.93
3555,7423,1,1,3618,1.428
3556,7424,2,2,3618,16.662
3557,7426,2,2,3618,15.134
3558,7427,2,2,3618,9.994
3559,7428,2,2,3618,28.036
3560,7429,1,1,3618,194.714
3561,7430,1,2,3618,1.044
3562,7431,4,2,3618,104.426
3563,7432,2,2,3618,31.0
3564,7433,2,2,3618,15.204
3565,7434,2,2,3618,20.144
3566,7435,2,2,3618,8.742
3567,7436,1,2,3618,1.01
3568,7437,0,1,1,1.0
3569,7438,2,2,3618,17.7
3570,7439,0,1,1,1.0
3571,7440,1,1,3618,22.376
3572,7442,3,2,3618,21.95
3573,7443,4,1,3618,262.256
3574,7444,6,4,3618,146.312
3575,7445,2,1,3618,21.546
3576,7446,0,1,1,1.0
3577,7447,1,1,3618,4.89
3578,7449,1,0,3619,1.014
3579,7451,0,1,1,1.0
3580,7452,1,0,2,1.01
3581,7455,1,0,2,1.996
3582,7456,1,0,3619,4.798
3583,7457,2,0,3619,16.61
3584,7468,1,0,3619,12.544
3585,7479,1,0,3619,11.278
3586,7481,1,0,3619,239.274
3587,7482,2,2,3618,16.146
3588,7483,3,2,3618,68.542
3589,7484,0,3,1,1.0
3590,7498,6,5,3618,107.398
3591,7499,4,3,3618,101.552
3592,7500,1,1,3618,1.022
3593,7501,2,1,3618,16.478
3594,7503,2,1,3618,633.424
3595,7504,3,1,3618,18.89
3596,7505,0,2,1,1.0
3597,7506,2,2,3,1.374
3598,7507,3,2,3618,19.182
3599,7508,1,1,3618,14.256
3600,7509,3,4,3618,160.602
3601,7510,2,1,3618,12.688
3602,7511,3,1,3618,28.116
3603,7512,13,13,3618,151.284
3604,7513,8,3,3618,68.544
3605,7514,5,5,3618,372.006
3606,7515,1,0,3619,29.256
3607,7516,2,3,3618,20.064
3608,7517,7,3,3618,644.614
3609,7518,4,3,3618,59.042
3610,7519,1,1,3618,31.948
3611,7520,5,2,3618,4.3
3612,7521,3,3,3618,30.74
3613,7522,1,1,4,2.14
3614,7523,1,1,4,2.118
3615,7524,2,2,3618,23.982
3616,7525,9,9,3618,73.878
3617,7526,2,1,3618,85.708
3618,7527,1,1,3618,1.018
3619,7528,2,1,3618,17.45
3620,7529,1,1,3618,7.334
3621,7530,3,1,3618,8.332
3622,7531,3,1,3618,31.856
3623,7532,1,1,4,2.248
3624,7533,2,0,3619,72.114
3625,7535,3,1,3618,70.626
3626,7536,6,2,3618,644.614
3627,7538,3,0,3619,23.03
3628,7540,2,1,3618,12.324
3629,7541,2,0,3619,8.844
3630,7546,3,0,3619,7.356
3631,7547,2,0,3619,43.58
3632,7548,1,0,3619,12.546
3633,7550,18,21,3618,210.144
3634,7551,4,2,3618,7.562
3635,7552,13,31,3618,113.104
3636,7553,7,6,3618,30.926
3637,7554,5,1,3618,53.52
3638,7555,2,0,3619,20.18
3639,7556,0,2,1,1.0
3640,7558,3,1,3618,42.948
3641,7560,7,2,3618,511.118
3642,7561,4,1,3618,183.402
3643,7562,6,5,3618,644.464
3644,7563,2,2,3618,22.528
3645,7564,67,66,3618,644.042
3646,7565,33,30,3618,644.614
3647,7566,3,1,3618,27.938
3648,7568,2,1,3618,21.09
3649,7569,4,1,3618,53.712
3650,7570,8,4,3618,325.49
3651,7571,4,1,3618,3.108
3652,7573,2,0,3619,21.758
3653,7575,2,2,3618,16.372
3654,7576,0,1,1,1.0
3655,7577,8,6,3618,311.556
3656,7578,2,1,3618,95.31
3657,7579,2,2,3618,482.498
3658,7580,2,5,3618,263.21
3659,7581,2,1,3618,7.32
3660,7582,3,2,3618,345.574
3661,7583,2,1,3618,87.212
3662,7584,0,2,1,1.0
3663,7585,6,2,3618,61.752
3664,7586,1,1,3618,4.932
3665,7587,5,0,3619,246.138
3666,7588,14,9,3618,518.514
3667,7589,4,5,3618,19.146
3668,7590,6,2,3618,94.072
3669,7591,12,8,3618,233.83
3670,7592,2,0,3619,45.01
3671,7593,2,0,3619,29.08
3672,7594,0,1,1,1.0
3673,7595,44,30,3618,643.852
3674,7596,7,1,3618,531.844
3675,7597,8,0,3619,135.818
3676,7598,6,4,3618,653.18
3677,7599,4,4,3618,653.18
3678,7600,9,12,3618,315.386
3679,7601,6,2,3618,653.18
3680,7602,7,1,3618,653.192
3681,7603,65,52,3618,643.68
3682,7604,16,4,3618,653.18
